,Coded Genotype,value
0,HWMA,0.851332619
1,HWMC,1.131571194
2,HWMD,0.992366675
3,HWME,1.513132638
4,HWMF,1.051838932
5,HWMG,1.137503524
6,HWMI,2.662359855
7,HWML,2.386160422
8,HWMM,2.448145811
9,HWMN,3.589917383
10,HWMP,3.293563204
11,HWMS,4.317869878
12,HWMW,0.69216156
13,HWME,1.584962501
14,MWMA,2.21801929
15,MWMC,2.238159737
16,MWMD,2.057947349
17,MWME,2.42170123
18,MWMF,2.098302074
19,MWMG,2.098989095
20,MWMI,3.716413354
21,MWML,3.657258894
22,MWMM,3.200868709
23,MWMN,4.071770558
24,MWMP,4.40225566
25,MWMS,2.938599455
26,MWMW,1.708245121
27,WWMA,0.715200385
28,WWMC,0.974313356
29,WWMD,0.918863237
30,WWME,1.245810227
31,WWMF,1.137503524
32,WWMG,1.108524457
33,WWMI,3.445687712
34,WWMK,3.448900951
35,WWML,2.434530115
36,WWMM,2.994590563
37,WWMN,4.317939686
38,WWMP,3.020598961
39,WWMS,3.392317423
40,WWMV,4.399273908
41,WWMW,0.469582549
42,HWMA,0.851332619
43,HWMC,1.131571194
44,HWMD,0.992366675
45,HWME,1.513132638
46,HWMF,1.051838932
47,HWMG,1.137503524
48,HWMI,2.662359855
49,HWML,2.386160422
50,HWMM,2.448145811
51,HWMN,3.589917383
52,HWMP,3.293563204
53,HWMS,4.317869878
54,HWMW,0.69216156
55,HWME,1.584962501
56,MWMA,2.21801929
57,MWMC,2.238159737
58,MWMD,2.057947349
59,MWME,2.42170123
60,MWMF,2.098302074
61,MWMG,2.098989095
62,MWMI,3.716413354
63,MWML,3.657258894
64,MWMM,3.200868709
65,MWMN,4.071770558
66,MWMP,4.40225566
67,MWMS,2.938599455
68,MWMW,1.708245121
69,WWMA,0.715200385
70,WWMC,0.974313356
71,WWMD,0.918863237
72,WWME,1.245810227
73,WWMF,1.137503524
74,WWMG,1.108524457
75,WWMI,3.445687712
76,WWMK,3.448900951
77,WWML,2.434530115
78,WWMM,2.994590563
79,WWMN,4.317939686
80,WWMP,3.020598961
81,WWMS,3.392317423
82,WWMV,4.399273908
83,WWMW,0.469582549
84,HWMA,0.851332619
85,HWMC,1.131571194
86,HWMD,0.992366675
87,HWME,1.513132638
88,HWMF,1.051838932
89,HWMG,1.137503524
90,HWMI,2.662359855
91,HWML,2.386160422
92,HWMM,2.448145811
93,HWMN,3.589917383
94,HWMP,3.293563204
95,HWMS,4.317869878
96,HWMW,0.69216156
97,HWME,1.584962501
98,MWMA,2.21801929
99,MWMC,2.238159737
100,MWMD,2.057947349
101,MWME,2.42170123
102,MWMF,2.098302074
103,MWMG,2.098989095
104,MWMI,3.716413354
105,MWML,3.657258894
106,MWMM,3.200868709
107,MWMN,4.071770558
108,MWMP,4.40225566
109,MWMS,2.938599455
110,MWMW,1.708245121
111,WWMA,0.715200385
112,WWMC,0.974313356
113,WWMD,0.918863237
114,WWME,1.245810227
115,WWMF,1.137503524
116,WWMG,1.108524457
117,WWMI,3.445687712
118,WWMK,3.448900951
119,WWML,2.434530115
120,WWMM,2.994590563
121,WWMN,4.317939686
122,WWMP,3.020598961
123,WWMS,3.392317423
124,WWMV,4.399273908
125,WWMW,0.469582549
126,HWMA,0.851332619
127,HWMC,1.131571194
128,HWMD,0.992366675
129,HWME,1.513132638
130,HWMF,1.051838932
131,HWMG,1.137503524
132,HWMI,2.662359855
133,HWML,2.386160422
134,HWMM,2.448145811
135,HWMN,3.589917383
136,HWMP,3.293563204
137,HWMS,4.317869878
138,HWMW,0.69216156
139,HWME,1.584962501
140,MWMA,2.21801929
141,MWMC,2.238159737
142,MWMD,2.057947349
143,MWME,2.42170123
144,MWMF,2.098302074
145,MWMG,2.098989095
146,MWMI,3.716413354
147,MWML,3.657258894
148,MWMM,3.200868709
149,MWMN,4.071770558
150,MWMP,4.40225566
151,MWMS,2.938599455
152,MWMW,1.708245121
153,WWMA,0.715200385
154,WWMC,0.974313356
155,WWMD,0.918863237
156,WWME,1.245810227
157,WWMF,1.137503524
158,WWMG,1.108524457
159,WWMI,3.445687712
160,WWMK,3.448900951
161,WWML,2.434530115
162,WWMM,2.994590563
163,WWMN,4.317939686
164,WWMP,3.020598961
165,WWMS,3.392317423
166,WWMV,4.399273908
167,WWMW,0.469582549
168,HWMA,0.851332619
169,HWMC,1.131571194
170,HWMD,0.992366675
171,HWME,1.513132638
172,HWMF,1.051838932
173,HWMG,1.137503524
174,HWMI,2.662359855
175,HWML,2.386160422
176,HWMM,2.448145811
177,HWMN,3.589917383
178,HWMP,3.293563204
179,HWMS,4.317869878
180,HWMW,0.69216156
181,HWME,1.584962501
182,MWMA,2.21801929
183,MWMC,2.238159737
184,MWMD,2.057947349
185,MWME,2.42170123
186,MWMF,2.098302074
187,MWMG,2.098989095
188,MWMI,3.716413354
189,MWML,3.657258894
190,MWMM,3.200868709
191,MWMN,4.071770558
192,MWMP,4.40225566
193,MWMS,2.938599455
194,MWMW,1.708245121
195,WWMA,0.715200385
196,WWMC,0.974313356
197,WWMD,0.918863237
198,WWME,1.245810227
199,WWMF,1.137503524
200,WWMG,1.108524457
201,WWMI,3.445687712
202,WWMK,3.448900951
203,WWML,2.434530115
204,WWMM,2.994590563
205,WWMN,4.317939686
206,WWMP,3.020598961
207,WWMS,3.392317423
208,WWMV,4.399273908
209,WWMW,0.469582549
210,HWMA,0.851332619
211,HWMC,1.131571194
212,HWMD,0.992366675
213,HWME,1.513132638
214,HWMF,1.051838932
215,HWMG,1.137503524
216,HWMI,2.662359855
217,HWML,2.386160422
218,HWMM,2.448145811
219,HWMN,3.589917383
220,HWMP,3.293563204
221,HWMS,4.317869878
222,HWMW,0.69216156
223,HWME,1.584962501
224,MWMA,2.21801929
225,MWMC,2.238159737
226,MWMD,2.057947349
227,MWME,2.42170123
228,MWMF,2.098302074
229,MWMG,2.098989095
230,MWMI,3.716413354
231,MWML,3.657258894
232,MWMM,3.200868709
233,MWMN,4.071770558
234,MWMP,4.40225566
235,MWMS,2.938599455
236,MWMW,1.708245121
237,WWMA,0.715200385
238,WWMC,0.974313356
239,WWMD,0.918863237
240,WWME,1.245810227
241,WWMF,1.137503524
242,WWMG,1.108524457
243,WWMI,3.445687712
244,WWMK,3.448900951
245,WWML,2.434530115
246,WWMM,2.994590563
247,WWMN,4.317939686
248,WWMP,3.020598961
249,WWMS,3.392317423
250,WWMV,4.399273908
251,WWMW,0.469582549
252,HWMA,0.851332619
253,HWMC,1.131571194
254,HWMD,0.992366675
255,HWME,1.513132638
256,HWMF,1.051838932
257,HWMG,1.137503524
258,HWMI,2.662359855
259,HWML,2.386160422
260,HWMM,2.448145811
261,HWMN,3.589917383
262,HWMP,3.293563204
263,HWMS,4.317869878
264,HWMW,0.69216156
265,HWME,1.584962501
266,MWMA,2.21801929
267,MWMC,2.238159737
268,MWMD,2.057947349
269,MWME,2.42170123
270,MWMF,2.098302074
271,MWMG,2.098989095
272,MWMI,3.716413354
273,MWML,3.657258894
274,MWMM,3.200868709
275,MWMN,4.071770558
276,MWMP,4.40225566
277,MWMS,2.938599455
278,MWMW,1.708245121
279,WWMA,0.715200385
280,WWMC,0.974313356
281,WWMD,0.918863237
282,WWME,1.245810227
283,WWMF,1.137503524
284,WWMG,1.108524457
285,WWMI,3.445687712
286,WWMK,3.448900951
287,WWML,2.434530115
288,WWMM,2.994590563
289,WWMN,4.317939686
290,WWMP,3.020598961
291,WWMS,3.392317423
292,WWMV,4.399273908
293,WWMW,0.469582549
294,HWMA,0.851332619
295,HWMC,1.131571194
296,HWMD,0.992366675
297,HWME,1.513132638
298,HWMF,1.051838932
299,HWMG,1.137503524
300,HWMI,2.662359855
301,HWML,2.386160422
302,HWMM,2.448145811
303,HWMN,3.589917383
304,HWMP,3.293563204
305,HWMS,4.317869878
306,HWMW,0.69216156
307,HWME,1.584962501
308,MWMA,2.21801929
309,MWMC,2.238159737
310,MWMD,2.057947349
311,MWME,2.42170123
312,MWMF,2.098302074
313,MWMG,2.098989095
314,MWMI,3.716413354
315,MWML,3.657258894
316,MWMM,3.200868709
317,MWMN,4.071770558
318,MWMP,4.40225566
319,MWMS,2.938599455
320,MWMW,1.708245121
321,WWMA,0.715200385
322,WWMC,0.974313356
323,WWMD,0.918863237
324,WWME,1.245810227
325,WWMF,1.137503524
326,WWMG,1.108524457
327,WWMI,3.445687712
328,WWMK,3.448900951
329,WWML,2.434530115
330,WWMM,2.994590563
331,WWMN,4.317939686
332,WWMP,3.020598961
333,WWMS,3.392317423
334,WWMV,4.399273908
335,WWMW,0.469582549
336,HWMA,0.851332619
337,HWMC,1.131571194
338,HWMD,0.992366675
339,HWME,1.513132638
340,HWMF,1.051838932
341,HWMG,1.137503524
342,HWMI,2.662359855
343,HWML,2.386160422
344,HWMM,2.448145811
345,HWMN,3.589917383
346,HWMP,3.293563204
347,HWMS,4.317869878
348,HWMW,0.69216156
349,HWME,1.584962501
350,MWMA,2.21801929
351,MWMC,2.238159737
352,MWMD,2.057947349
353,MWME,2.42170123
354,MWMF,2.098302074
355,MWMG,2.098989095
356,MWMI,3.716413354
357,MWML,3.657258894
358,MWMM,3.200868709
359,MWMN,4.071770558
360,MWMP,4.40225566
361,MWMS,2.938599455
362,MWMW,1.708245121
363,WWMA,0.715200385
364,WWMC,0.974313356
365,WWMD,0.918863237
366,WWME,1.245810227
367,WWMF,1.137503524
368,WWMG,1.108524457
369,WWMI,3.445687712
370,WWMK,3.448900951
371,WWML,2.434530115
372,WWMM,2.994590563
373,WWMN,4.317939686
374,WWMP,3.020598961
375,WWMS,3.392317423
376,WWMV,4.399273908
377,WWMW,0.469582549
378,HWMA,0.851332619
379,HWMC,1.131571194
380,HWMD,0.992366675
381,HWME,1.513132638
382,HWMF,1.051838932
383,HWMG,1.137503524
384,HWMI,2.662359855
385,HWML,2.386160422
386,HWMM,2.448145811
387,HWMN,3.589917383
388,HWMP,3.293563204
389,HWMS,4.317869878
390,HWMW,0.69216156
391,HWME,1.584962501
392,MWMA,2.21801929
393,MWMC,2.238159737
394,MWMD,2.057947349
395,MWME,2.42170123
396,MWMF,2.098302074
397,MWMG,2.098989095
398,MWMI,3.716413354
399,MWML,3.657258894
400,MWMM,3.200868709
401,MWMN,4.071770558
402,MWMP,4.40225566
403,MWMS,2.938599455
404,MWMW,1.708245121
405,WWMA,0.715200385
406,WWMC,0.974313356
407,WWMD,0.918863237
408,WWME,1.245810227
409,WWMF,1.137503524
410,WWMG,1.108524457
411,WWMI,3.445687712
412,WWMK,3.448900951
413,WWML,2.434530115
414,WWMM,2.994590563
415,WWMN,4.317939686
416,WWMP,3.020598961
417,WWMS,3.392317423
418,WWMV,4.399273908
419,WWMW,0.469582549
420,HWMA,0.851332619
421,HWMC,1.131571194
422,HWMD,0.992366675
423,HWME,1.513132638
424,HWMF,1.051838932
425,HWMG,1.137503524
426,HWMI,2.662359855
427,HWML,2.386160422
428,HWMM,2.448145811
429,HWMN,3.589917383
430,HWMP,3.293563204
431,HWMS,4.317869878
432,HWMW,0.69216156
433,HWME,1.584962501
434,MWMA,2.21801929
435,MWMC,2.238159737
436,MWMD,2.057947349
437,MWME,2.42170123
438,MWMF,2.098302074
439,MWMG,2.098989095
440,MWMI,3.716413354
441,MWML,3.657258894
442,MWMM,3.200868709
443,MWMN,4.071770558
444,MWMP,4.40225566
445,MWMS,2.938599455
446,MWMW,1.708245121
447,WWMA,0.715200385
448,WWMC,0.974313356
449,WWMD,0.918863237
450,WWME,1.245810227
451,WWMF,1.137503524
452,WWMG,1.108524457
453,WWMI,3.445687712
454,WWMK,3.448900951
455,WWML,2.434530115
456,WWMM,2.994590563
457,WWMN,4.317939686
458,WWMP,3.020598961
459,WWMS,3.392317423
460,WWMV,4.399273908
461,WWMW,0.469582549
462,HWMA,0.851332619
463,HWMC,1.131571194
464,HWMD,0.992366675
465,HWME,1.513132638
466,HWMF,1.051838932
467,HWMG,1.137503524
468,HWMI,2.662359855
469,HWML,2.386160422
470,HWMM,2.448145811
471,HWMN,3.589917383
472,HWMP,3.293563204
473,HWMS,4.317869878
474,HWMW,0.69216156
475,HWME,1.584962501
476,MWMA,2.21801929
477,MWMC,2.238159737
478,MWMD,2.057947349
479,MWME,2.42170123
480,MWMF,2.098302074
481,MWMG,2.098989095
482,MWMI,3.716413354
483,MWML,3.657258894
484,MWMM,3.200868709
485,MWMN,4.071770558
486,MWMP,4.40225566
487,MWMS,2.938599455
488,MWMW,1.708245121
489,WWMA,0.715200385
490,WWMC,0.974313356
491,WWMD,0.918863237
492,WWME,1.245810227
493,WWMF,1.137503524
494,WWMG,1.108524457
495,WWMI,3.445687712
496,WWMK,3.448900951
497,WWML,2.434530115
498,WWMM,2.994590563
499,WWMN,4.317939686
500,WWMP,3.020598961
501,WWMS,3.392317423
502,WWMV,4.399273908
503,WWMW,0.469582549
504,HWMA,0.851332619
505,HWMC,1.131571194
506,HWMD,0.992366675
507,HWME,1.513132638
508,HWMF,1.051838932
509,HWMG,1.137503524
510,HWMI,2.662359855
511,HWML,2.386160422
512,HWMM,2.448145811
513,HWMN,3.589917383
514,HWMP,3.293563204
515,HWMS,4.317869878
516,HWMW,0.69216156
517,HWME,1.584962501
518,MWMA,2.21801929
519,MWMC,2.238159737
520,MWMD,2.057947349
521,MWME,2.42170123
522,MWMF,2.098302074
523,MWMG,2.098989095
524,MWMI,3.716413354
525,MWML,3.657258894
526,MWMM,3.200868709
527,MWMN,4.071770558
528,MWMP,4.40225566
529,MWMS,2.938599455
530,MWMW,1.708245121
531,WWMA,0.715200385
532,WWMC,0.974313356
533,WWMD,0.918863237
534,WWME,1.245810227
535,WWMF,1.137503524
536,WWMG,1.108524457
537,WWMI,3.445687712
538,WWMK,3.448900951
539,WWML,2.434530115
540,WWMM,2.994590563
541,WWMN,4.317939686
542,WWMP,3.020598961
543,WWMS,3.392317423
544,WWMV,4.399273908
545,WWMW,0.469582549
546,HWMA,0.851332619
547,HWMC,1.131571194
548,HWMD,0.992366675
549,HWME,1.513132638
550,HWMF,1.051838932
551,HWMG,1.137503524
552,HWMI,2.662359855
553,HWML,2.386160422
554,HWMM,2.448145811
555,HWMN,3.589917383
556,HWMP,3.293563204
557,HWMS,4.317869878
558,HWMW,0.69216156
559,HWME,1.584962501
560,MWMA,2.21801929
561,MWMC,2.238159737
562,MWMD,2.057947349
563,MWME,2.42170123
564,MWMF,2.098302074
565,MWMG,2.098989095
566,MWMI,3.716413354
567,MWML,3.657258894
568,MWMM,3.200868709
569,MWMN,4.071770558
570,MWMP,4.40225566
571,MWMS,2.938599455
572,MWMW,1.708245121
573,WWMA,0.715200385
574,WWMC,0.974313356
575,WWMD,0.918863237
576,WWME,1.245810227
577,WWMF,1.137503524
578,WWMG,1.108524457
579,WWMI,3.445687712
580,WWMK,3.448900951
581,WWML,2.434530115
582,WWMM,2.994590563
583,WWMN,4.317939686
584,WWMP,3.020598961
585,WWMS,3.392317423
586,WWMV,4.399273908
587,WWMW,0.469582549
588,HWMA,0.851332619
589,HWMC,1.131571194
590,HWMD,0.992366675
591,HWME,1.513132638
592,HWMF,1.051838932
593,HWMG,1.137503524
594,HWMI,2.662359855
595,HWML,2.386160422
596,HWMM,2.448145811
597,HWMN,3.589917383
598,HWMP,3.293563204
599,HWMS,4.317869878
600,HWMW,0.69216156
601,HWME,1.584962501
602,MWMA,2.21801929
603,MWMC,2.238159737
604,MWMD,2.057947349
605,MWME,2.42170123
606,MWMF,2.098302074
607,MWMG,2.098989095
608,MWMI,3.716413354
609,MWML,3.657258894
610,MWMM,3.200868709
611,MWMN,4.071770558
612,MWMP,4.40225566
613,MWMS,2.938599455
614,MWMW,1.708245121
615,WWMA,0.715200385
616,WWMC,0.974313356
617,WWMD,0.918863237
618,WWME,1.245810227
619,WWMF,1.137503524
620,WWMG,1.108524457
621,WWMI,3.445687712
622,WWMK,3.448900951
623,WWML,2.434530115
624,WWMM,2.994590563
625,WWMN,4.317939686
626,WWMP,3.020598961
627,WWMS,3.392317423
628,WWMV,4.399273908
629,WWMW,0.469582549
630,HWMA,0.851332619
631,HWMC,1.131571194
632,HWMD,0.992366675
633,HWME,1.513132638
634,HWMF,1.051838932
635,HWMG,1.137503524
636,HWMI,2.662359855
637,HWML,2.386160422
638,HWMM,2.448145811
639,HWMN,3.589917383
640,HWMP,3.293563204
641,HWMS,4.317869878
642,HWMW,0.69216156
643,HWME,1.584962501
644,MWMA,2.21801929
645,MWMC,2.238159737
646,MWMD,2.057947349
647,MWME,2.42170123
648,MWMF,2.098302074
649,MWMG,2.098989095
650,MWMI,3.716413354
651,MWML,3.657258894
652,MWMM,3.200868709
653,MWMN,4.071770558
654,MWMP,4.40225566
655,MWMS,2.938599455
656,MWMW,1.708245121
657,WWMA,0.715200385
658,WWMC,0.974313356
659,WWMD,0.918863237
660,WWME,1.245810227
661,WWMF,1.137503524
662,WWMG,1.108524457
663,WWMI,3.445687712
664,WWMK,3.448900951
665,WWML,2.434530115
666,WWMM,2.994590563
667,WWMN,4.317939686
668,WWMP,3.020598961
669,WWMS,3.392317423
670,WWMV,4.399273908
671,WWMW,0.469582549
672,HWMA,0.851332619
673,HWMC,1.131571194
674,HWMD,0.992366675
675,HWME,1.513132638
676,HWMF,1.051838932
677,HWMG,1.137503524
678,HWMI,2.662359855
679,HWML,2.386160422
680,HWMM,2.448145811
681,HWMN,3.589917383
682,HWMP,3.293563204
683,HWMS,4.317869878
684,HWMW,0.69216156
685,HWME,1.584962501
686,MWMA,2.21801929
687,MWMC,2.238159737
688,MWMD,2.057947349
689,MWME,2.42170123
690,MWMF,2.098302074
691,MWMG,2.098989095
692,MWMI,3.716413354
693,MWML,3.657258894
694,MWMM,3.200868709
695,MWMN,4.071770558
696,MWMP,4.40225566
697,MWMS,2.938599455
698,MWMW,1.708245121
699,WWMA,0.715200385
700,WWMC,0.974313356
701,WWMD,0.918863237
702,WWME,1.245810227
703,WWMF,1.137503524
704,WWMG,1.108524457
705,WWMI,3.445687712
706,WWMK,3.448900951
707,WWML,2.434530115
708,WWMM,2.994590563
709,WWMN,4.317939686
710,WWMP,3.020598961
711,WWMS,3.392317423
712,WWMV,4.399273908
713,WWMW,0.469582549
714,HWMA,0.851332619
715,HWMC,1.131571194
716,HWMD,0.992366675
717,HWME,1.513132638
718,HWMF,1.051838932
719,HWMG,1.137503524
720,HWMI,2.662359855
721,HWML,2.386160422
722,HWMM,2.448145811
723,HWMN,3.589917383
724,HWMP,3.293563204
725,HWMS,4.317869878
726,HWMW,0.69216156
727,HWME,1.584962501
728,MWMA,2.21801929
729,MWMC,2.238159737
730,MWMD,2.057947349
731,MWME,2.42170123
732,MWMF,2.098302074
733,MWMG,2.098989095
734,MWMI,3.716413354
735,MWML,3.657258894
736,MWMM,3.200868709
737,MWMN,4.071770558
738,MWMP,4.40225566
739,MWMS,2.938599455
740,MWMW,1.708245121
741,WWMA,0.715200385
742,WWMC,0.974313356
743,WWMD,0.918863237
744,WWME,1.245810227
745,WWMF,1.137503524
746,WWMG,1.108524457
747,WWMI,3.445687712
748,WWMK,3.448900951
749,WWML,2.434530115
750,WWMM,2.994590563
751,WWMN,4.317939686
752,WWMP,3.020598961
753,WWMS,3.392317423
754,WWMV,4.399273908
755,WWMW,0.469582549
756,HWMA,0.851332619
757,HWMC,1.131571194
758,HWMD,0.992366675
759,HWME,1.513132638
760,HWMF,1.051838932
761,HWMG,1.137503524
762,HWMI,2.662359855
763,HWML,2.386160422
764,HWMM,2.448145811
765,HWMN,3.589917383
766,HWMP,3.293563204
767,HWMS,4.317869878
768,HWMW,0.69216156
769,HWME,1.584962501
770,MWMA,2.21801929
771,MWMC,2.238159737
772,MWMD,2.057947349
773,MWME,2.42170123
774,MWMF,2.098302074
775,MWMG,2.098989095
776,MWMI,3.716413354
777,MWML,3.657258894
778,MWMM,3.200868709
779,MWMN,4.071770558
780,MWMP,4.40225566
781,MWMS,2.938599455
782,MWMW,1.708245121
783,WWMA,0.715200385
784,WWMC,0.974313356
785,WWMD,0.918863237
786,WWME,1.245810227
787,WWMF,1.137503524
788,WWMG,1.108524457
789,WWMI,3.445687712
790,WWMK,3.448900951
791,WWML,2.434530115
792,WWMM,2.994590563
793,WWMN,4.317939686
794,WWMP,3.020598961
795,WWMS,3.392317423
796,WWMV,4.399273908
797,WWMW,0.469582549
798,HWMA,0.851332619
799,HWMC,1.131571194
800,HWMD,0.992366675
801,HWME,1.513132638
802,HWMF,1.051838932
803,HWMG,1.137503524
804,HWMI,2.662359855
805,HWML,2.386160422
806,HWMM,2.448145811
807,HWMN,3.589917383
808,HWMP,3.293563204
809,HWMS,4.317869878
810,HWMW,0.69216156
811,HWME,1.584962501
812,MWMA,2.21801929
813,MWMC,2.238159737
814,MWMD,2.057947349
815,MWME,2.42170123
816,MWMF,2.098302074
817,MWMG,2.098989095
818,MWMI,3.716413354
819,MWML,3.657258894
820,MWMM,3.200868709
821,MWMN,4.071770558
822,MWMP,4.40225566
823,MWMS,2.938599455
824,MWMW,1.708245121
825,WWMA,0.715200385
826,WWMC,0.974313356
827,WWMD,0.918863237
828,WWME,1.245810227
829,WWMF,1.137503524
830,WWMG,1.108524457
831,WWMI,3.445687712
832,WWMK,3.448900951
833,WWML,2.434530115
834,WWMM,2.994590563
835,WWMN,4.317939686
836,WWMP,3.020598961
837,WWMS,3.392317423
838,WWMV,4.399273908
839,WWMW,0.469582549
840,HWMA,0.851332619
841,HWMC,1.131571194
842,HWMD,0.992366675
843,HWME,1.513132638
844,HWMF,1.051838932
845,HWMG,1.137503524
846,HWMI,2.662359855
847,HWML,2.386160422
848,HWMM,2.448145811
849,HWMN,3.589917383
850,HWMP,3.293563204
851,HWMS,4.317869878
852,HWMW,0.69216156
853,HWME,1.584962501
854,MWMA,2.21801929
855,MWMC,2.238159737
856,MWMD,2.057947349
857,MWME,2.42170123
858,MWMF,2.098302074
859,MWMG,2.098989095
860,MWMI,3.716413354
861,MWML,3.657258894
862,MWMM,3.200868709
863,MWMN,4.071770558
864,MWMP,4.40225566
865,MWMS,2.938599455
866,MWMW,1.708245121
867,WWMA,0.715200385
868,WWMC,0.974313356
869,WWMD,0.918863237
870,WWME,1.245810227
871,WWMF,1.137503524
872,WWMG,1.108524457
873,WWMI,3.445687712
874,WWMK,3.448900951
875,WWML,2.434530115
876,WWMM,2.994590563
877,WWMN,4.317939686
878,WWMP,3.020598961
879,WWMS,3.392317423
880,WWMV,4.399273908
881,WWMW,0.469582549
882,HWMA,0.851332619
883,HWMC,1.131571194
884,HWMD,0.992366675
885,HWME,1.513132638
886,HWMF,1.051838932
887,HWMG,1.137503524
888,HWMI,2.662359855
889,HWML,2.386160422
890,HWMM,2.448145811
891,HWMN,3.589917383
892,HWMP,3.293563204
893,HWMS,4.317869878
894,HWMW,0.69216156
895,HWME,1.584962501
896,MWMA,2.21801929
897,MWMC,2.238159737
898,MWMD,2.057947349
899,MWME,2.42170123
900,MWMF,2.098302074
901,MWMG,2.098989095
902,MWMI,3.716413354
903,MWML,3.657258894
904,MWMM,3.200868709
905,MWMN,4.071770558
906,MWMP,4.40225566
907,MWMS,2.938599455
908,MWMW,1.708245121
909,WWMA,0.715200385
910,WWMC,0.974313356
911,WWMD,0.918863237
912,WWME,1.245810227
913,WWMF,1.137503524
914,WWMG,1.108524457
915,WWMI,3.445687712
916,WWMK,3.448900951
917,WWML,2.434530115
918,WWMM,2.994590563
919,WWMN,4.317939686
920,WWMP,3.020598961
921,WWMS,3.392317423
922,WWMV,4.399273908
923,WWMW,0.469582549
924,HWMA,0.851332619
925,HWMC,1.131571194
926,HWMD,0.992366675
927,HWME,1.513132638
928,HWMF,1.051838932
929,HWMG,1.137503524
930,HWMI,2.662359855
931,HWML,2.386160422
932,HWMM,2.448145811
933,HWMN,3.589917383
934,HWMP,3.293563204
935,HWMS,4.317869878
936,HWMW,0.69216156
937,HWME,1.584962501
938,MWMA,2.21801929
939,MWMC,2.238159737
940,MWMD,2.057947349
941,MWME,2.42170123
942,MWMF,2.098302074
943,MWMG,2.098989095
944,MWMI,3.716413354
945,MWML,3.657258894
946,MWMM,3.200868709
947,MWMN,4.071770558
948,MWMP,4.40225566
949,MWMS,2.938599455
950,MWMW,1.708245121
951,WWMA,0.715200385
952,WWMC,0.974313356
953,WWMD,0.918863237
954,WWME,1.245810227
955,WWMF,1.137503524
956,WWMG,1.108524457
957,WWMI,3.445687712
958,WWMK,3.448900951
959,WWML,2.434530115
960,WWMM,2.994590563
961,WWMN,4.317939686
962,WWMP,3.020598961
963,WWMS,3.392317423
964,WWMV,4.399273908
965,WWMW,0.469582549
966,HWMA,0.851332619
967,HWMC,1.131571194
968,HWMD,0.992366675
969,HWME,1.513132638
970,HWMF,1.051838932
971,HWMG,1.137503524
972,HWMI,2.662359855
973,HWML,2.386160422
974,HWMM,2.448145811
975,HWMN,3.589917383
976,HWMP,3.293563204
977,HWMS,4.317869878
978,HWMW,0.69216156
979,HWME,1.584962501
980,MWMA,2.21801929
981,MWMC,2.238159737
982,MWMD,2.057947349
983,MWME,2.42170123
984,MWMF,2.098302074
985,MWMG,2.098989095
986,MWMI,3.716413354
987,MWML,3.657258894
988,MWMM,3.200868709
989,MWMN,4.071770558
990,MWMP,4.40225566
991,MWMS,2.938599455
992,MWMW,1.708245121
993,WWMA,0.715200385
994,WWMC,0.974313356
995,WWMD,0.918863237
996,WWME,1.245810227
997,WWMF,1.137503524
998,WWMG,1.108524457
999,WWMI,3.445687712
1000,WWMK,3.448900951
1001,WWML,2.434530115
1002,WWMM,2.994590563
1003,WWMN,4.317939686
1004,WWMP,3.020598961
1005,WWMS,3.392317423
1006,WWMV,4.399273908
1007,WWMW,0.469582549
1008,HWMA,0.851332619
1009,HWMC,1.131571194
1010,HWMD,0.992366675
1011,HWME,1.513132638
1012,HWMF,1.051838932
1013,HWMG,1.137503524
1014,HWMI,2.662359855
1015,HWML,2.386160422
1016,HWMM,2.448145811
1017,HWMN,3.589917383
1018,HWMP,3.293563204
1019,HWMS,4.317869878
1020,HWMW,0.69216156
1021,HWME,1.584962501
1022,MWMA,2.21801929
1023,MWMC,2.238159737
1024,MWMD,2.057947349
1025,MWME,2.42170123
1026,MWMF,2.098302074
1027,MWMG,2.098989095
1028,MWMI,3.716413354
1029,MWML,3.657258894
1030,MWMM,3.200868709
1031,MWMN,4.071770558
1032,MWMP,4.40225566
1033,MWMS,2.938599455
1034,MWMW,1.708245121
1035,WWMA,0.715200385
1036,WWMC,0.974313356
1037,WWMD,0.918863237
1038,WWME,1.245810227
1039,WWMF,1.137503524
1040,WWMG,1.108524457
1041,WWMI,3.445687712
1042,WWMK,3.448900951
1043,WWML,2.434530115
1044,WWMM,2.994590563
1045,WWMN,4.317939686
1046,WWMP,3.020598961
1047,WWMS,3.392317423
1048,WWMV,4.399273908
1049,WWMW,0.469582549
1050,HWMA,0.851332619
1051,HWMC,1.131571194
1052,HWMD,0.992366675
1053,HWME,1.513132638
1054,HWMF,1.051838932
1055,HWMG,1.137503524
1056,HWMI,2.662359855
1057,HWML,2.386160422
1058,HWMM,2.448145811
1059,HWMN,3.589917383
1060,HWMP,3.293563204
1061,HWMS,4.317869878
1062,HWMW,0.69216156
1063,HWME,1.584962501
1064,MWMA,2.21801929
1065,MWMC,2.238159737
1066,MWMD,2.057947349
1067,MWME,2.42170123
1068,MWMF,2.098302074
1069,MWMG,2.098989095
1070,MWMI,3.716413354
1071,MWML,3.657258894
1072,MWMM,3.200868709
1073,MWMN,4.071770558
1074,MWMP,4.40225566
1075,MWMS,2.938599455
1076,MWMW,1.708245121
1077,WWMA,0.715200385
1078,WWMC,0.974313356
1079,WWMD,0.918863237
1080,WWME,1.245810227
1081,WWMF,1.137503524
1082,WWMG,1.108524457
1083,WWMI,3.445687712
1084,WWMK,3.448900951
1085,WWML,2.434530115
1086,WWMM,2.994590563
1087,WWMN,4.317939686
1088,WWMP,3.020598961
1089,WWMS,3.392317423
1090,WWMV,4.399273908
1091,WWMW,0.469582549
1092,HWMA,0.851332619
1093,HWMC,1.131571194
1094,HWMD,0.992366675
1095,HWME,1.513132638
1096,HWMF,1.051838932
1097,HWMG,1.137503524
1098,HWMI,2.662359855
1099,HWML,2.386160422
1100,HWMM,2.448145811
1101,HWMN,3.589917383
1102,HWMP,3.293563204
1103,HWMS,4.317869878
1104,HWMW,0.69216156
1105,HWME,1.584962501
1106,MWMA,2.21801929
1107,MWMC,2.238159737
1108,MWMD,2.057947349
1109,MWME,2.42170123
1110,MWMF,2.098302074
1111,MWMG,2.098989095
1112,MWMI,3.716413354
1113,MWML,3.657258894
1114,MWMM,3.200868709
1115,MWMN,4.071770558
1116,MWMP,4.40225566
1117,MWMS,2.938599455
1118,MWMW,1.708245121
1119,WWMA,0.715200385
1120,WWMC,0.974313356
1121,WWMD,0.918863237
1122,WWME,1.245810227
1123,WWMF,1.137503524
1124,WWMG,1.108524457
1125,WWMI,3.445687712
1126,WWMK,3.448900951
1127,WWML,2.434530115
1128,WWMM,2.994590563
1129,WWMN,4.317939686
1130,WWMP,3.020598961
1131,WWMS,3.392317423
1132,WWMV,4.399273908
1133,WWMW,0.469582549
1134,HWMA,0.851332619
1135,HWMC,1.131571194
1136,HWMD,0.992366675
1137,HWME,1.513132638
1138,HWMF,1.051838932
1139,HWMG,1.137503524
1140,HWMI,2.662359855
1141,HWML,2.386160422
1142,HWMM,2.448145811
1143,HWMN,3.589917383
1144,HWMP,3.293563204
1145,HWMS,4.317869878
1146,HWMW,0.69216156
1147,HWME,1.584962501
1148,MWMA,2.21801929
1149,MWMC,2.238159737
1150,MWMD,2.057947349
1151,MWME,2.42170123
1152,MWMF,2.098302074
1153,MWMG,2.098989095
1154,MWMI,3.716413354
1155,MWML,3.657258894
1156,MWMM,3.200868709
1157,MWMN,4.071770558
1158,MWMP,4.40225566
1159,MWMS,2.938599455
1160,MWMW,1.708245121
1161,WWMA,0.715200385
1162,WWMC,0.974313356
1163,WWMD,0.918863237
1164,WWME,1.245810227
1165,WWMF,1.137503524
1166,WWMG,1.108524457
1167,WWMI,3.445687712
1168,WWMK,3.448900951
1169,WWML,2.434530115
1170,WWMM,2.994590563
1171,WWMN,4.317939686
1172,WWMP,3.020598961
1173,WWMS,3.392317423
1174,WWMV,4.399273908
1175,WWMW,0.469582549
1176,HWMA,0.851332619
1177,HWMC,1.131571194
1178,HWMD,0.992366675
1179,HWME,1.513132638
1180,HWMF,1.051838932
1181,HWMG,1.137503524
1182,HWMI,2.662359855
1183,HWML,2.386160422
1184,HWMM,2.448145811
1185,HWMN,3.589917383
1186,HWMP,3.293563204
1187,HWMS,4.317869878
1188,HWMW,0.69216156
1189,HWME,1.584962501
1190,MWMA,2.21801929
1191,MWMC,2.238159737
1192,MWMD,2.057947349
1193,MWME,2.42170123
1194,MWMF,2.098302074
1195,MWMG,2.098989095
1196,MWMI,3.716413354
1197,MWML,3.657258894
1198,MWMM,3.200868709
1199,MWMN,4.071770558
1200,MWMP,4.40225566
1201,MWMS,2.938599455
1202,MWMW,1.708245121
1203,WWMA,0.715200385
1204,WWMC,0.974313356
1205,WWMD,0.918863237
1206,WWME,1.245810227
1207,WWMF,1.137503524
1208,WWMG,1.108524457
1209,WWMI,3.445687712
1210,WWMK,3.448900951
1211,WWML,2.434530115
1212,WWMM,2.994590563
1213,WWMN,4.317939686
1214,WWMP,3.020598961
1215,WWMS,3.392317423
1216,WWMV,4.399273908
1217,WWMW,0.469582549
1218,HWMA,0.851332619
1219,HWMC,1.131571194
1220,HWMD,0.992366675
1221,HWME,1.513132638
1222,HWMF,1.051838932
1223,HWMG,1.137503524
1224,HWMI,2.662359855
1225,HWML,2.386160422
1226,HWMM,2.448145811
1227,HWMN,3.589917383
1228,HWMP,3.293563204
1229,HWMS,4.317869878
1230,HWMW,0.69216156
1231,HWME,1.584962501
1232,MWMA,2.21801929
1233,MWMC,2.238159737
1234,MWMD,2.057947349
1235,MWME,2.42170123
1236,MWMF,2.098302074
1237,MWMG,2.098989095
1238,MWMI,3.716413354
1239,MWML,3.657258894
1240,MWMM,3.200868709
1241,MWMN,4.071770558
1242,MWMP,4.40225566
1243,MWMS,2.938599455
1244,MWMW,1.708245121
1245,WWMA,0.715200385
1246,WWMC,0.974313356
1247,WWMD,0.918863237
1248,WWME,1.245810227
1249,WWMF,1.137503524
1250,WWMG,1.108524457
1251,WWMI,3.445687712
1252,WWMK,3.448900951
1253,WWML,2.434530115
1254,WWMM,2.994590563
1255,WWMN,4.317939686
1256,WWMP,3.020598961
1257,WWMS,3.392317423
1258,WWMV,4.399273908
1259,WWMW,0.469582549
1260,HWMA,0.851332619
1261,HWMC,1.131571194
1262,HWMD,0.992366675
1263,HWME,1.513132638
1264,HWMF,1.051838932
1265,HWMG,1.137503524
1266,HWMI,2.662359855
1267,HWML,2.386160422
1268,HWMM,2.448145811
1269,HWMN,3.589917383
1270,HWMP,3.293563204
1271,HWMS,4.317869878
1272,HWMW,0.69216156
1273,HWME,1.584962501
1274,MWMA,2.21801929
1275,MWMC,2.238159737
1276,MWMD,2.057947349
1277,MWME,2.42170123
1278,MWMF,2.098302074
1279,MWMG,2.098989095
1280,MWMI,3.716413354
1281,MWML,3.657258894
1282,MWMM,3.200868709
1283,MWMN,4.071770558
1284,MWMP,4.40225566
1285,MWMS,2.938599455
1286,MWMW,1.708245121
1287,WWMA,0.715200385
1288,WWMC,0.974313356
1289,WWMD,0.918863237
1290,WWME,1.245810227
1291,WWMF,1.137503524
1292,WWMG,1.108524457
1293,WWMI,3.445687712
1294,WWMK,3.448900951
1295,WWML,2.434530115
1296,WWMM,2.994590563
1297,WWMN,4.317939686
1298,WWMP,3.020598961
1299,WWMS,3.392317423
1300,WWMV,4.399273908
1301,WWMW,0.469582549
1302,HWMA,0.851332619
1303,HWMC,1.131571194
1304,HWMD,0.992366675
1305,HWME,1.513132638
1306,HWMF,1.051838932
1307,HWMG,1.137503524
1308,HWMI,2.662359855
1309,HWML,2.386160422
1310,HWMM,2.448145811
1311,HWMN,3.589917383
1312,HWMP,3.293563204
1313,HWMS,4.317869878
1314,HWMW,0.69216156
1315,HWME,1.584962501
1316,MWMA,2.21801929
1317,MWMC,2.238159737
1318,MWMD,2.057947349
1319,MWME,2.42170123
1320,MWMF,2.098302074
1321,MWMG,2.098989095
1322,MWMI,3.716413354
1323,MWML,3.657258894
1324,MWMM,3.200868709
1325,MWMN,4.071770558
1326,MWMP,4.40225566
1327,MWMS,2.938599455
1328,MWMW,1.708245121
1329,WWMA,0.715200385
1330,WWMC,0.974313356
1331,WWMD,0.918863237
1332,WWME,1.245810227
1333,WWMF,1.137503524
1334,WWMG,1.108524457
1335,WWMI,3.445687712
1336,WWMK,3.448900951
1337,WWML,2.434530115
1338,WWMM,2.994590563
1339,WWMN,4.317939686
1340,WWMP,3.020598961
1341,WWMS,3.392317423
1342,WWMV,4.399273908
1343,WWMW,0.469582549
1344,HWMA,0.851332619
1345,HWMC,1.131571194
1346,HWMD,0.992366675
1347,HWME,1.513132638
1348,HWMF,1.051838932
1349,HWMG,1.137503524
1350,HWMI,2.662359855
1351,HWML,2.386160422
1352,HWMM,2.448145811
1353,HWMN,3.589917383
1354,HWMP,3.293563204
1355,HWMS,4.317869878
1356,HWMW,0.69216156
1357,HWME,1.584962501
1358,MWMA,2.21801929
1359,MWMC,2.238159737
1360,MWMD,2.057947349
1361,MWME,2.42170123
1362,MWMF,2.098302074
1363,MWMG,2.098989095
1364,MWMI,3.716413354
1365,MWML,3.657258894
1366,MWMM,3.200868709
1367,MWMN,4.071770558
1368,MWMP,4.40225566
1369,MWMS,2.938599455
1370,MWMW,1.708245121
1371,WWMA,0.715200385
1372,WWMC,0.974313356
1373,WWMD,0.918863237
1374,WWME,1.245810227
1375,WWMF,1.137503524
1376,WWMG,1.108524457
1377,WWMI,3.445687712
1378,WWMK,3.448900951
1379,WWML,2.434530115
1380,WWMM,2.994590563
1381,WWMN,4.317939686
1382,WWMP,3.020598961
1383,WWMS,3.392317423
1384,WWMV,4.399273908
1385,WWMW,0.469582549
1386,HWMA,0.851332619
1387,HWMC,1.131571194
1388,HWMD,0.992366675
1389,HWME,1.513132638
1390,HWMF,1.051838932
1391,HWMG,1.137503524
1392,HWMI,2.662359855
1393,HWML,2.386160422
1394,HWMM,2.448145811
1395,HWMN,3.589917383
1396,HWMP,3.293563204
1397,HWMS,4.317869878
1398,HWMW,0.69216156
1399,HWME,1.584962501
1400,MWMA,2.21801929
1401,MWMC,2.238159737
1402,MWMD,2.057947349
1403,MWME,2.42170123
1404,MWMF,2.098302074
1405,MWMG,2.098989095
1406,MWMI,3.716413354
1407,MWML,3.657258894
1408,MWMM,3.200868709
1409,MWMN,4.071770558
1410,MWMP,4.40225566
1411,MWMS,2.938599455
1412,MWMW,1.708245121
1413,WWMA,0.715200385
1414,WWMC,0.974313356
1415,WWMD,0.918863237
1416,WWME,1.245810227
1417,WWMF,1.137503524
1418,WWMG,1.108524457
1419,WWMI,3.445687712
1420,WWMK,3.448900951
1421,WWML,2.434530115
1422,WWMM,2.994590563
1423,WWMN,4.317939686
1424,WWMP,3.020598961
1425,WWMS,3.392317423
1426,WWMV,4.399273908
1427,WWMW,0.469582549
1428,HWMA,0.851332619
1429,HWMC,1.131571194
1430,HWMD,0.992366675
1431,HWME,1.513132638
1432,HWMF,1.051838932
1433,HWMG,1.137503524
1434,HWMI,2.662359855
1435,HWML,2.386160422
1436,HWMM,2.448145811
1437,HWMN,3.589917383
1438,HWMP,3.293563204
1439,HWMS,4.317869878
1440,HWMW,0.69216156
1441,HWME,1.584962501
1442,MWMA,2.21801929
1443,MWMC,2.238159737
1444,MWMD,2.057947349
1445,MWME,2.42170123
1446,MWMF,2.098302074
1447,MWMG,2.098989095
1448,MWMI,3.716413354
1449,MWML,3.657258894
1450,MWMM,3.200868709
1451,MWMN,4.071770558
1452,MWMP,4.40225566
1453,MWMS,2.938599455
1454,MWMW,1.708245121
1455,WWMA,0.715200385
1456,WWMC,0.974313356
1457,WWMD,0.918863237
1458,WWME,1.245810227
1459,WWMF,1.137503524
1460,WWMG,1.108524457
1461,WWMI,3.445687712
1462,WWMK,3.448900951
1463,WWML,2.434530115
1464,WWMM,2.994590563
1465,WWMN,4.317939686
1466,WWMP,3.020598961
1467,WWMS,3.392317423
1468,WWMV,4.399273908
1469,WWMW,0.469582549
1470,HWMA,0.851332619
1471,HWMC,1.131571194
1472,HWMD,0.992366675
1473,HWME,1.513132638
1474,HWMF,1.051838932
1475,HWMG,1.137503524
1476,HWMI,2.662359855
1477,HWML,2.386160422
1478,HWMM,2.448145811
1479,HWMN,3.589917383
1480,HWMP,3.293563204
1481,HWMS,4.317869878
1482,HWMW,0.69216156
1483,HWME,1.584962501
1484,MWMA,2.21801929
1485,MWMC,2.238159737
1486,MWMD,2.057947349
1487,MWME,2.42170123
1488,MWMF,2.098302074
1489,MWMG,2.098989095
1490,MWMI,3.716413354
1491,MWML,3.657258894
1492,MWMM,3.200868709
1493,MWMN,4.071770558
1494,MWMP,4.40225566
1495,MWMS,2.938599455
1496,MWMW,1.708245121
1497,WWMA,0.715200385
1498,WWMC,0.974313356
1499,WWMD,0.918863237
1500,WWME,1.245810227
1501,WWMF,1.137503524
1502,WWMG,1.108524457
1503,WWMI,3.445687712
1504,WWMK,3.448900951
1505,WWML,2.434530115
1506,WWMM,2.994590563
1507,WWMN,4.317939686
1508,WWMP,3.020598961
1509,WWMS,3.392317423
1510,WWMV,4.399273908
1511,WWMW,0.469582549
1512,HWMA,0.851332619
1513,HWMC,1.131571194
1514,HWMD,0.992366675
1515,HWME,1.513132638
1516,HWMF,1.051838932
1517,HWMG,1.137503524
1518,HWMI,2.662359855
1519,HWML,2.386160422
1520,HWMM,2.448145811
1521,HWMN,3.589917383
1522,HWMP,3.293563204
1523,HWMS,4.317869878
1524,HWMW,0.69216156
1525,HWME,1.584962501
1526,MWMA,2.21801929
1527,MWMC,2.238159737
1528,MWMD,2.057947349
1529,MWME,2.42170123
1530,MWMF,2.098302074
1531,MWMG,2.098989095
1532,MWMI,3.716413354
1533,MWML,3.657258894
1534,MWMM,3.200868709
1535,MWMN,4.071770558
1536,MWMP,4.40225566
1537,MWMS,2.938599455
1538,MWMW,1.708245121
1539,WWMA,0.715200385
1540,WWMC,0.974313356
1541,WWMD,0.918863237
1542,WWME,1.245810227
1543,WWMF,1.137503524
1544,WWMG,1.108524457
1545,WWMI,3.445687712
1546,WWMK,3.448900951
1547,WWML,2.434530115
1548,WWMM,2.994590563
1549,WWMN,4.317939686
1550,WWMP,3.020598961
1551,WWMS,3.392317423
1552,WWMV,4.399273908
1553,WWMW,0.469582549
1554,HWMA,0.851332619
1555,HWMC,1.131571194
1556,HWMD,0.992366675
1557,HWME,1.513132638
1558,HWMF,1.051838932
1559,HWMG,1.137503524
1560,HWMI,2.662359855
1561,HWML,2.386160422
1562,HWMM,2.448145811
1563,HWMN,3.589917383
1564,HWMP,3.293563204
1565,HWMS,4.317869878
1566,HWMW,0.69216156
1567,HWME,1.584962501
1568,MWMA,2.21801929
1569,MWMC,2.238159737
1570,MWMD,2.057947349
1571,MWME,2.42170123
1572,MWMF,2.098302074
1573,MWMG,2.098989095
1574,MWMI,3.716413354
1575,MWML,3.657258894
1576,MWMM,3.200868709
1577,MWMN,4.071770558
1578,MWMP,4.40225566
1579,MWMS,2.938599455
1580,MWMW,1.708245121
1581,WWMA,0.715200385
1582,WWMC,0.974313356
1583,WWMD,0.918863237
1584,WWME,1.245810227
1585,WWMF,1.137503524
1586,WWMG,1.108524457
1587,WWMI,3.445687712
1588,WWMK,3.448900951
1589,WWML,2.434530115
1590,WWMM,2.994590563
1591,WWMN,4.317939686
1592,WWMP,3.020598961
1593,WWMS,3.392317423
1594,WWMV,4.399273908
1595,WWMW,0.469582549
1596,HWMA,0.851332619
1597,HWMC,1.131571194
1598,HWMD,0.992366675
1599,HWME,1.513132638
1600,HWMF,1.051838932
1601,HWMG,1.137503524
1602,HWMI,2.662359855
1603,HWML,2.386160422
1604,HWMM,2.448145811
1605,HWMN,3.589917383
1606,HWMP,3.293563204
1607,HWMS,4.317869878
1608,HWMW,0.69216156
1609,HWME,1.584962501
1610,MWMA,2.21801929
1611,MWMC,2.238159737
1612,MWMD,2.057947349
1613,MWME,2.42170123
1614,MWMF,2.098302074
1615,MWMG,2.098989095
1616,MWMI,3.716413354
1617,MWML,3.657258894
1618,MWMM,3.200868709
1619,MWMN,4.071770558
1620,MWMP,4.40225566
1621,MWMS,2.938599455
1622,MWMW,1.708245121
1623,WWMA,0.715200385
1624,WWMC,0.974313356
1625,WWMD,0.918863237
1626,WWME,1.245810227
1627,WWMF,1.137503524
1628,WWMG,1.108524457
1629,WWMI,3.445687712
1630,WWMK,3.448900951
1631,WWML,2.434530115
1632,WWMM,2.994590563
1633,WWMN,4.317939686
1634,WWMP,3.020598961
1635,WWMS,3.392317423
1636,WWMV,4.399273908
1637,WWMW,0.469582549
1638,HWMA,0.851332619
1639,HWMC,1.131571194
1640,HWMD,0.992366675
1641,HWME,1.513132638
1642,HWMF,1.051838932
1643,HWMG,1.137503524
1644,HWMI,2.662359855
1645,HWML,2.386160422
1646,HWMM,2.448145811
1647,HWMN,3.589917383
1648,HWMP,3.293563204
1649,HWMS,4.317869878
1650,HWMW,0.69216156
1651,HWME,1.584962501
1652,MWMA,2.21801929
1653,MWMC,2.238159737
1654,MWMD,2.057947349
1655,MWME,2.42170123
1656,MWMF,2.098302074
1657,MWMG,2.098989095
1658,MWMI,3.716413354
1659,MWML,3.657258894
1660,MWMM,3.200868709
1661,MWMN,4.071770558
1662,MWMP,4.40225566
1663,MWMS,2.938599455
1664,MWMW,1.708245121
1665,WWMA,0.715200385
1666,WWMC,0.974313356
1667,WWMD,0.918863237
1668,WWME,1.245810227
1669,WWMF,1.137503524
1670,WWMG,1.108524457
1671,WWMI,3.445687712
1672,WWMK,3.448900951
1673,WWML,2.434530115
1674,WWMM,2.994590563
1675,WWMN,4.317939686
1676,WWMP,3.020598961
1677,WWMS,3.392317423
1678,WWMV,4.399273908
1679,WWMW,0.469582549
1680,HWMA,0.851332619
1681,HWMC,1.131571194
1682,HWMD,0.992366675
1683,HWME,1.513132638
1684,HWMF,1.051838932
1685,HWMG,1.137503524
1686,HWMI,2.662359855
1687,HWML,2.386160422
1688,HWMM,2.448145811
1689,HWMN,3.589917383
1690,HWMP,3.293563204
1691,HWMS,4.317869878
1692,HWMW,0.69216156
1693,HWME,1.584962501
1694,MWMA,2.21801929
1695,MWMC,2.238159737
1696,MWMD,2.057947349
1697,MWME,2.42170123
1698,MWMF,2.098302074
1699,MWMG,2.098989095
1700,MWMI,3.716413354
1701,MWML,3.657258894
1702,MWMM,3.200868709
1703,MWMN,4.071770558
1704,MWMP,4.40225566
1705,MWMS,2.938599455
1706,MWMW,1.708245121
1707,WWMA,0.715200385
1708,WWMC,0.974313356
1709,WWMD,0.918863237
1710,WWME,1.245810227
1711,WWMF,1.137503524
1712,WWMG,1.108524457
1713,WWMI,3.445687712
1714,WWMK,3.448900951
1715,WWML,2.434530115
1716,WWMM,2.994590563
1717,WWMN,4.317939686
1718,WWMP,3.020598961
1719,WWMS,3.392317423
1720,WWMV,4.399273908
1721,WWMW,0.469582549
1722,HWMA,0.851332619
1723,HWMC,1.131571194
1724,HWMD,0.992366675
1725,HWME,1.513132638
1726,HWMF,1.051838932
1727,HWMG,1.137503524
1728,HWMI,2.662359855
1729,HWML,2.386160422
1730,HWMM,2.448145811
1731,HWMN,3.589917383
1732,HWMP,3.293563204
1733,HWMS,4.317869878
1734,HWMW,0.69216156
1735,HWME,1.584962501
1736,MWMA,2.21801929
1737,MWMC,2.238159737
1738,MWMD,2.057947349
1739,MWME,2.42170123
1740,MWMF,2.098302074
1741,MWMG,2.098989095
1742,MWMI,3.716413354
1743,MWML,3.657258894
1744,MWMM,3.200868709
1745,MWMN,4.071770558
1746,MWMP,4.40225566
1747,MWMS,2.938599455
1748,MWMW,1.708245121
1749,WWMA,0.715200385
1750,WWMC,0.974313356
1751,WWMD,0.918863237
1752,WWME,1.245810227
1753,WWMF,1.137503524
1754,WWMG,1.108524457
1755,WWMI,3.445687712
1756,WWMK,3.448900951
1757,WWML,2.434530115
1758,WWMM,2.994590563
1759,WWMN,4.317939686
1760,WWMP,3.020598961
1761,WWMS,3.392317423
1762,WWMV,4.399273908
1763,WWMW,0.469582549
1764,HWMA,0.851332619
1765,HWMC,1.131571194
1766,HWMD,0.992366675
1767,HWME,1.513132638
1768,HWMF,1.051838932
1769,HWMG,1.137503524
1770,HWMI,2.662359855
1771,HWML,2.386160422
1772,HWMM,2.448145811
1773,HWMN,3.589917383
1774,HWMP,3.293563204
1775,HWMS,4.317869878
1776,HWMW,0.69216156
1777,HWME,1.584962501
1778,MWMA,2.21801929
1779,MWMC,2.238159737
1780,MWMD,2.057947349
1781,MWME,2.42170123
1782,MWMF,2.098302074
1783,MWMG,2.098989095
1784,MWMI,3.716413354
1785,MWML,3.657258894
1786,MWMM,3.200868709
1787,MWMN,4.071770558
1788,MWMP,4.40225566
1789,MWMS,2.938599455
1790,MWMW,1.708245121
1791,WWMA,0.715200385
1792,WWMC,0.974313356
1793,WWMD,0.918863237
1794,WWME,1.245810227
1795,WWMF,1.137503524
1796,WWMG,1.108524457
1797,WWMI,3.445687712
1798,WWMK,3.448900951
1799,WWML,2.434530115
1800,WWMM,2.994590563
1801,WWMN,4.317939686
1802,WWMP,3.020598961
1803,WWMS,3.392317423
1804,WWMV,4.399273908
1805,WWMW,0.469582549
1806,HWMA,0.851332619
1807,HWMC,1.131571194
1808,HWMD,0.992366675
1809,HWME,1.513132638
1810,HWMF,1.051838932
1811,HWMG,1.137503524
1812,HWMI,2.662359855
1813,HWML,2.386160422
1814,HWMM,2.448145811
1815,HWMN,3.589917383
1816,HWMP,3.293563204
1817,HWMS,4.317869878
1818,HWMW,0.69216156
1819,HWME,1.584962501
1820,MWMA,2.21801929
1821,MWMC,2.238159737
1822,MWMD,2.057947349
1823,MWME,2.42170123
1824,MWMF,2.098302074
1825,MWMG,2.098989095
1826,MWMI,3.716413354
1827,MWML,3.657258894
1828,MWMM,3.200868709
1829,MWMN,4.071770558
1830,MWMP,4.40225566
1831,MWMS,2.938599455
1832,MWMW,1.708245121
1833,WWMA,0.715200385
1834,WWMC,0.974313356
1835,WWMD,0.918863237
1836,WWME,1.245810227
1837,WWMF,1.137503524
1838,WWMG,1.108524457
1839,WWMI,3.445687712
1840,WWMK,3.448900951
1841,WWML,2.434530115
1842,WWMM,2.994590563
1843,WWMN,4.317939686
1844,WWMP,3.020598961
1845,WWMS,3.392317423
1846,WWMV,4.399273908
1847,WWMW,0.469582549
1848,HWMA,0.851332619
1849,HWMC,1.131571194
1850,HWMD,0.992366675
1851,HWME,1.513132638
1852,HWMF,1.051838932
1853,HWMG,1.137503524
1854,HWMI,2.662359855
1855,HWML,2.386160422
1856,HWMM,2.448145811
1857,HWMN,3.589917383
1858,HWMP,3.293563204
1859,HWMS,4.317869878
1860,HWMW,0.69216156
1861,HWME,1.584962501
1862,MWMA,2.21801929
1863,MWMC,2.238159737
1864,MWMD,2.057947349
1865,MWME,2.42170123
1866,MWMF,2.098302074
1867,MWMG,2.098989095
1868,MWMI,3.716413354
1869,MWML,3.657258894
1870,MWMM,3.200868709
1871,MWMN,4.071770558
1872,MWMP,4.40225566
1873,MWMS,2.938599455
1874,MWMW,1.708245121
1875,WWMA,0.715200385
1876,WWMC,0.974313356
1877,WWMD,0.918863237
1878,WWME,1.245810227
1879,WWMF,1.137503524
1880,WWMG,1.108524457
1881,WWMI,3.445687712
1882,WWMK,3.448900951
1883,WWML,2.434530115
1884,WWMM,2.994590563
1885,WWMN,4.317939686
1886,WWMP,3.020598961
1887,WWMS,3.392317423
1888,WWMV,4.399273908
1889,WWMW,0.469582549
1890,HWMA,0.851332619
1891,HWMC,1.131571194
1892,HWMD,0.992366675
1893,HWME,1.513132638
1894,HWMF,1.051838932
1895,HWMG,1.137503524
1896,HWMI,2.662359855
1897,HWML,2.386160422
1898,HWMM,2.448145811
1899,HWMN,3.589917383
1900,HWMP,3.293563204
1901,HWMS,4.317869878
1902,HWMW,0.69216156
1903,HWME,1.584962501
1904,MWMA,2.21801929
1905,MWMC,2.238159737
1906,MWMD,2.057947349
1907,MWME,2.42170123
1908,MWMF,2.098302074
1909,MWMG,2.098989095
1910,MWMI,3.716413354
1911,MWML,3.657258894
1912,MWMM,3.200868709
1913,MWMN,4.071770558
1914,MWMP,4.40225566
1915,MWMS,2.938599455
1916,MWMW,1.708245121
1917,WWMA,0.715200385
1918,WWMC,0.974313356
1919,WWMD,0.918863237
1920,WWME,1.245810227
1921,WWMF,1.137503524
1922,WWMG,1.108524457
1923,WWMI,3.445687712
1924,WWMK,3.448900951
1925,WWML,2.434530115
1926,WWMM,2.994590563
1927,WWMN,4.317939686
1928,WWMP,3.020598961
1929,WWMS,3.392317423
1930,WWMV,4.399273908
1931,WWMW,0.469582549
1932,HWMA,0.851332619
1933,HWMC,1.131571194
1934,HWMD,0.992366675
1935,HWME,1.513132638
1936,HWMF,1.051838932
1937,HWMG,1.137503524
1938,HWMI,2.662359855
1939,HWML,2.386160422
1940,HWMM,2.448145811
1941,HWMN,3.589917383
1942,HWMP,3.293563204
1943,HWMS,4.317869878
1944,HWMW,0.69216156
1945,HWME,1.584962501
1946,MWMA,2.21801929
1947,MWMC,2.238159737
1948,MWMD,2.057947349
1949,MWME,2.42170123
1950,MWMF,2.098302074
1951,MWMG,2.098989095
1952,MWMI,3.716413354
1953,MWML,3.657258894
1954,MWMM,3.200868709
1955,MWMN,4.071770558
1956,MWMP,4.40225566
1957,MWMS,2.938599455
1958,MWMW,1.708245121
1959,WWMA,0.715200385
1960,WWMC,0.974313356
1961,WWMD,0.918863237
1962,WWME,1.245810227
1963,WWMF,1.137503524
1964,WWMG,1.108524457
1965,WWMI,3.445687712
1966,WWMK,3.448900951
1967,WWML,2.434530115
1968,WWMM,2.994590563
1969,WWMN,4.317939686
1970,WWMP,3.020598961
1971,WWMS,3.392317423
1972,WWMV,4.399273908
1973,WWMW,0.469582549
1974,HWMA,0.851332619
1975,HWMC,1.131571194
1976,HWMD,0.992366675
1977,HWME,1.513132638
1978,HWMF,1.051838932
1979,HWMG,1.137503524
1980,HWMI,2.662359855
1981,HWML,2.386160422
1982,HWMM,2.448145811
1983,HWMN,3.589917383
1984,HWMP,3.293563204
1985,HWMS,4.317869878
1986,HWMW,0.69216156
1987,HWME,1.584962501
1988,MWMA,2.21801929
1989,MWMC,2.238159737
1990,MWMD,2.057947349
1991,MWME,2.42170123
1992,MWMF,2.098302074
1993,MWMG,2.098989095
1994,MWMI,3.716413354
1995,MWML,3.657258894
1996,MWMM,3.200868709
1997,MWMN,4.071770558
1998,MWMP,4.40225566
1999,MWMS,2.938599455
2000,MWMW,1.708245121
2001,WWMA,0.715200385
2002,WWMC,0.974313356
2003,WWMD,0.918863237
2004,WWME,1.245810227
2005,WWMF,1.137503524
2006,WWMG,1.108524457
2007,WWMI,3.445687712
2008,WWMK,3.448900951
2009,WWML,2.434530115
2010,WWMM,2.994590563
2011,WWMN,4.317939686
2012,WWMP,3.020598961
2013,WWMS,3.392317423
2014,WWMV,4.399273908
2015,WWMW,0.469582549
2016,HWMA,0.851332619
2017,HWMC,1.131571194
2018,HWMD,0.992366675
2019,HWME,1.513132638
2020,HWMF,1.051838932
2021,HWMG,1.137503524
2022,HWMI,2.662359855
2023,HWML,2.386160422
2024,HWMM,2.448145811
2025,HWMN,3.589917383
2026,HWMP,3.293563204
2027,HWMS,4.317869878
2028,HWMW,0.69216156
2029,HWME,1.584962501
2030,MWMA,2.21801929
2031,MWMC,2.238159737
2032,MWMD,2.057947349
2033,MWME,2.42170123
2034,MWMF,2.098302074
2035,MWMG,2.098989095
2036,MWMI,3.716413354
2037,MWML,3.657258894
2038,MWMM,3.200868709
2039,MWMN,4.071770558
2040,MWMP,4.40225566
2041,MWMS,2.938599455
2042,MWMW,1.708245121
2043,WWMA,0.715200385
2044,WWMC,0.974313356
2045,WWMD,0.918863237
2046,WWME,1.245810227
2047,WWMF,1.137503524
2048,WWMG,1.108524457
2049,WWMI,3.445687712
2050,WWMK,3.448900951
2051,WWML,2.434530115
2052,WWMM,2.994590563
2053,WWMN,4.317939686
2054,WWMP,3.020598961
2055,WWMS,3.392317423
2056,WWMV,4.399273908
2057,WWMW,0.469582549
2058,HWMA,0.851332619
2059,HWMC,1.131571194
2060,HWMD,0.992366675
2061,HWME,1.513132638
2062,HWMF,1.051838932
2063,HWMG,1.137503524
2064,HWMI,2.662359855
2065,HWML,2.386160422
2066,HWMM,2.448145811
2067,HWMN,3.589917383
2068,HWMP,3.293563204
2069,HWMS,4.317869878
2070,HWMW,0.69216156
2071,HWME,1.584962501
2072,MWMA,2.21801929
2073,MWMC,2.238159737
2074,MWMD,2.057947349
2075,MWME,2.42170123
2076,MWMF,2.098302074
2077,MWMG,2.098989095
2078,MWMI,3.716413354
2079,MWML,3.657258894
2080,MWMM,3.200868709
2081,MWMN,4.071770558
2082,MWMP,4.40225566
2083,MWMS,2.938599455
2084,MWMW,1.708245121
2085,WWMA,0.715200385
2086,WWMC,0.974313356
2087,WWMD,0.918863237
2088,WWME,1.245810227
2089,WWMF,1.137503524
2090,WWMG,1.108524457
2091,WWMI,3.445687712
2092,WWMK,3.448900951
2093,WWML,2.434530115
2094,WWMM,2.994590563
2095,WWMN,4.317939686
2096,WWMP,3.020598961
2097,WWMS,3.392317423
2098,WWMV,4.399273908
2099,WWMW,0.469582549
2100,HWMA,0.851332619
2101,HWMC,1.131571194
2102,HWMD,0.992366675
2103,HWME,1.513132638
2104,HWMF,1.051838932
2105,HWMG,1.137503524
2106,HWMI,2.662359855
2107,HWML,2.386160422
2108,HWMM,2.448145811
2109,HWMN,3.589917383
2110,HWMP,3.293563204
2111,HWMS,4.317869878
2112,HWMW,0.69216156
2113,HWME,1.584962501
2114,MWMA,2.21801929
2115,MWMC,2.238159737
2116,MWMD,2.057947349
2117,MWME,2.42170123
2118,MWMF,2.098302074
2119,MWMG,2.098989095
2120,MWMI,3.716413354
2121,MWML,3.657258894
2122,MWMM,3.200868709
2123,MWMN,4.071770558
2124,MWMP,4.40225566
2125,MWMS,2.938599455
2126,MWMW,1.708245121
2127,WWMA,0.715200385
2128,WWMC,0.974313356
2129,WWMD,0.918863237
2130,WWME,1.245810227
2131,WWMF,1.137503524
2132,WWMG,1.108524457
2133,WWMI,3.445687712
2134,WWMK,3.448900951
2135,WWML,2.434530115
2136,WWMM,2.994590563
2137,WWMN,4.317939686
2138,WWMP,3.020598961
2139,WWMS,3.392317423
2140,WWMV,4.399273908
2141,WWMW,0.469582549
2142,HWMA,0.851332619
2143,HWMC,1.131571194
2144,HWMD,0.992366675
2145,HWME,1.513132638
2146,HWMF,1.051838932
2147,HWMG,1.137503524
2148,HWMI,2.662359855
2149,HWML,2.386160422
2150,HWMM,2.448145811
2151,HWMN,3.589917383
2152,HWMP,3.293563204
2153,HWMS,4.317869878
2154,HWMW,0.69216156
2155,HWME,1.584962501
2156,MWMA,2.21801929
2157,MWMC,2.238159737
2158,MWMD,2.057947349
2159,MWME,2.42170123
2160,MWMF,2.098302074
2161,MWMG,2.098989095
2162,MWMI,3.716413354
2163,MWML,3.657258894
2164,MWMM,3.200868709
2165,MWMN,4.071770558
2166,MWMP,4.40225566
2167,MWMS,2.938599455
2168,MWMW,1.708245121
2169,WWMA,0.715200385
2170,WWMC,0.974313356
2171,WWMD,0.918863237
2172,WWME,1.245810227
2173,WWMF,1.137503524
2174,WWMG,1.108524457
2175,WWMI,3.445687712
2176,WWMK,3.448900951
2177,WWML,2.434530115
2178,WWMM,2.994590563
2179,WWMN,4.317939686
2180,WWMP,3.020598961
2181,WWMS,3.392317423
2182,WWMV,4.399273908
2183,WWMW,0.469582549
2184,HWMA,0.851332619
2185,HWMC,1.131571194
2186,HWMD,0.992366675
2187,HWME,1.513132638
2188,HWMF,1.051838932
2189,HWMG,1.137503524
2190,HWMI,2.662359855
2191,HWML,2.386160422
2192,HWMM,2.448145811
2193,HWMN,3.589917383
2194,HWMP,3.293563204
2195,HWMS,4.317869878
2196,HWMW,0.69216156
2197,HWME,1.584962501
2198,MWMA,2.21801929
2199,MWMC,2.238159737
2200,MWMD,2.057947349
2201,MWME,2.42170123
2202,MWMF,2.098302074
2203,MWMG,2.098989095
2204,MWMI,3.716413354
2205,MWML,3.657258894
2206,MWMM,3.200868709
2207,MWMN,4.071770558
2208,MWMP,4.40225566
2209,MWMS,2.938599455
2210,MWMW,1.708245121
2211,WWMA,0.715200385
2212,WWMC,0.974313356
2213,WWMD,0.918863237
2214,WWME,1.245810227
2215,WWMF,1.137503524
2216,WWMG,1.108524457
2217,WWMI,3.445687712
2218,WWMK,3.448900951
2219,WWML,2.434530115
2220,WWMM,2.994590563
2221,WWMN,4.317939686
2222,WWMP,3.020598961
2223,WWMS,3.392317423
2224,WWMV,4.399273908
2225,WWMW,0.469582549
2226,HWMA,0.851332619
2227,HWMC,1.131571194
2228,HWMD,0.992366675
2229,HWME,1.513132638
2230,HWMF,1.051838932
2231,HWMG,1.137503524
2232,HWMI,2.662359855
2233,HWML,2.386160422
2234,HWMM,2.448145811
2235,HWMN,3.589917383
2236,HWMP,3.293563204
2237,HWMS,4.317869878
2238,HWMW,0.69216156
2239,HWME,1.584962501
2240,MWMA,2.21801929
2241,MWMC,2.238159737
2242,MWMD,2.057947349
2243,MWME,2.42170123
2244,MWMF,2.098302074
2245,MWMG,2.098989095
2246,MWMI,3.716413354
2247,MWML,3.657258894
2248,MWMM,3.200868709
2249,MWMN,4.071770558
2250,MWMP,4.40225566
2251,MWMS,2.938599455
2252,MWMW,1.708245121
2253,WWMA,0.715200385
2254,WWMC,0.974313356
2255,WWMD,0.918863237
2256,WWME,1.245810227
2257,WWMF,1.137503524
2258,WWMG,1.108524457
2259,WWMI,3.445687712
2260,WWMK,3.448900951
2261,WWML,2.434530115
2262,WWMM,2.994590563
2263,WWMN,4.317939686
2264,WWMP,3.020598961
2265,WWMS,3.392317423
2266,WWMV,4.399273908
2267,WWMW,0.469582549
2268,HWMA,0.851332619
2269,HWMC,1.131571194
2270,HWMD,0.992366675
2271,HWME,1.513132638
2272,HWMF,1.051838932
2273,HWMG,1.137503524
2274,HWMI,2.662359855
2275,HWML,2.386160422
2276,HWMM,2.448145811
2277,HWMN,3.589917383
2278,HWMP,3.293563204
2279,HWMS,4.317869878
2280,HWMW,0.69216156
2281,HWME,1.584962501
2282,MWMA,2.21801929
2283,MWMC,2.238159737
2284,MWMD,2.057947349
2285,MWME,2.42170123
2286,MWMF,2.098302074
2287,MWMG,2.098989095
2288,MWMI,3.716413354
2289,MWML,3.657258894
2290,MWMM,3.200868709
2291,MWMN,4.071770558
2292,MWMP,4.40225566
2293,MWMS,2.938599455
2294,MWMW,1.708245121
2295,WWMA,0.715200385
2296,WWMC,0.974313356
2297,WWMD,0.918863237
2298,WWME,1.245810227
2299,WWMF,1.137503524
2300,WWMG,1.108524457
2301,WWMI,3.445687712
2302,WWMK,3.448900951
2303,WWML,2.434530115
2304,WWMM,2.994590563
2305,WWMN,4.317939686
2306,WWMP,3.020598961
2307,WWMS,3.392317423
2308,WWMV,4.399273908
2309,WWMW,0.469582549
2310,HWMA,0.851332619
2311,HWMC,1.131571194
2312,HWMD,0.992366675
2313,HWME,1.513132638
2314,HWMF,1.051838932
2315,HWMG,1.137503524
2316,HWMI,2.662359855
2317,HWML,2.386160422
2318,HWMM,2.448145811
2319,HWMN,3.589917383
2320,HWMP,3.293563204
2321,HWMS,4.317869878
2322,HWMW,0.69216156
2323,HWME,1.584962501
2324,MWMA,2.21801929
2325,MWMC,2.238159737
2326,MWMD,2.057947349
2327,MWME,2.42170123
2328,MWMF,2.098302074
2329,MWMG,2.098989095
2330,MWMI,3.716413354
2331,MWML,3.657258894
2332,MWMM,3.200868709
2333,MWMN,4.071770558
2334,MWMP,4.40225566
2335,MWMS,2.938599455
2336,MWMW,1.708245121
2337,WWMA,0.715200385
2338,WWMC,0.974313356
2339,WWMD,0.918863237
2340,WWME,1.245810227
2341,WWMF,1.137503524
2342,WWMG,1.108524457
2343,WWMI,3.445687712
2344,WWMK,3.448900951
2345,WWML,2.434530115
2346,WWMM,2.994590563
2347,WWMN,4.317939686
2348,WWMP,3.020598961
2349,WWMS,3.392317423
2350,WWMV,4.399273908
2351,WWMW,0.469582549
2352,HWMA,0.851332619
2353,HWMC,1.131571194
2354,HWMD,0.992366675
2355,HWME,1.513132638
2356,HWMF,1.051838932
2357,HWMG,1.137503524
2358,HWMI,2.662359855
2359,HWML,2.386160422
2360,HWMM,2.448145811
2361,HWMN,3.589917383
2362,HWMP,3.293563204
2363,HWMS,4.317869878
2364,HWMW,0.69216156
2365,HWME,1.584962501
2366,MWMA,2.21801929
2367,MWMC,2.238159737
2368,MWMD,2.057947349
2369,MWME,2.42170123
2370,MWMF,2.098302074
2371,MWMG,2.098989095
2372,MWMI,3.716413354
2373,MWML,3.657258894
2374,MWMM,3.200868709
2375,MWMN,4.071770558
2376,MWMP,4.40225566
2377,MWMS,2.938599455
2378,MWMW,1.708245121
2379,WWMA,0.715200385
2380,WWMC,0.974313356
2381,WWMD,0.918863237
2382,WWME,1.245810227
2383,WWMF,1.137503524
2384,WWMG,1.108524457
2385,WWMI,3.445687712
2386,WWMK,3.448900951
2387,WWML,2.434530115
2388,WWMM,2.994590563
2389,WWMN,4.317939686
2390,WWMP,3.020598961
2391,WWMS,3.392317423
2392,WWMV,4.399273908
2393,WWMW,0.469582549
2394,HWMA,0.851332619
2395,HWMC,1.131571194
2396,HWMD,0.992366675
2397,HWME,1.513132638
2398,HWMF,1.051838932
2399,HWMG,1.137503524
2400,HWMI,2.662359855
2401,HWML,2.386160422
2402,HWMM,2.448145811
2403,HWMN,3.589917383
2404,HWMP,3.293563204
2405,HWMS,4.317869878
2406,HWMW,0.69216156
2407,HWME,1.584962501
2408,MWMA,2.21801929
2409,MWMC,2.238159737
2410,MWMD,2.057947349
2411,MWME,2.42170123
2412,MWMF,2.098302074
2413,MWMG,2.098989095
2414,MWMI,3.716413354
2415,MWML,3.657258894
2416,MWMM,3.200868709
2417,MWMN,4.071770558
2418,MWMP,4.40225566
2419,MWMS,2.938599455
2420,MWMW,1.708245121
2421,WWMA,0.715200385
2422,WWMC,0.974313356
2423,WWMD,0.918863237
2424,WWME,1.245810227
2425,WWMF,1.137503524
2426,WWMG,1.108524457
2427,WWMI,3.445687712
2428,WWMK,3.448900951
2429,WWML,2.434530115
2430,WWMM,2.994590563
2431,WWMN,4.317939686
2432,WWMP,3.020598961
2433,WWMS,3.392317423
2434,WWMV,4.399273908
2435,WWMW,0.469582549
2436,HWMA,0.851332619
2437,HWMC,1.131571194
2438,HWMD,0.992366675
2439,HWME,1.513132638
2440,HWMF,1.051838932
2441,HWMG,1.137503524
2442,HWMI,2.662359855
2443,HWML,2.386160422
2444,HWMM,2.448145811
2445,HWMN,3.589917383
2446,HWMP,3.293563204
2447,HWMS,4.317869878
2448,HWMW,0.69216156
2449,HWME,1.584962501
2450,MWMA,2.21801929
2451,MWMC,2.238159737
2452,MWMD,2.057947349
2453,MWME,2.42170123
2454,MWMF,2.098302074
2455,MWMG,2.098989095
2456,MWMI,3.716413354
2457,MWML,3.657258894
2458,MWMM,3.200868709
2459,MWMN,4.071770558
2460,MWMP,4.40225566
2461,MWMS,2.938599455
2462,MWMW,1.708245121
2463,WWMA,0.715200385
2464,WWMC,0.974313356
2465,WWMD,0.918863237
2466,WWME,1.245810227
2467,WWMF,1.137503524
2468,WWMG,1.108524457
2469,WWMI,3.445687712
2470,WWMK,3.448900951
2471,WWML,2.434530115
2472,WWMM,2.994590563
2473,WWMN,4.317939686
2474,WWMP,3.020598961
2475,WWMS,3.392317423
2476,WWMV,4.399273908
2477,WWMW,0.469582549
2478,HWMA,0.851332619
2479,HWMC,1.131571194
2480,HWMD,0.992366675
2481,HWME,1.513132638
2482,HWMF,1.051838932
2483,HWMG,1.137503524
2484,HWMI,2.662359855
2485,HWML,2.386160422
2486,HWMM,2.448145811
2487,HWMN,3.589917383
2488,HWMP,3.293563204
2489,HWMS,4.317869878
2490,HWMW,0.69216156
2491,HWME,1.584962501
2492,MWMA,2.21801929
2493,MWMC,2.238159737
2494,MWMD,2.057947349
2495,MWME,2.42170123
2496,MWMF,2.098302074
2497,MWMG,2.098989095
2498,MWMI,3.716413354
2499,MWML,3.657258894
2500,MWMM,3.200868709
2501,MWMN,4.071770558
2502,MWMP,4.40225566
2503,MWMS,2.938599455
2504,MWMW,1.708245121
2505,WWMA,0.715200385
2506,WWMC,0.974313356
2507,WWMD,0.918863237
2508,WWME,1.245810227
2509,WWMF,1.137503524
2510,WWMG,1.108524457
2511,WWMI,3.445687712
2512,WWMK,3.448900951
2513,WWML,2.434530115
2514,WWMM,2.994590563
2515,WWMN,4.317939686
2516,WWMP,3.020598961
2517,WWMS,3.392317423
2518,WWMV,4.399273908
2519,WWMW,0.469582549
2520,HWMA,0.851332619
2521,HWMC,1.131571194
2522,HWMD,0.992366675
2523,HWME,1.513132638
2524,HWMF,1.051838932
2525,HWMG,1.137503524
2526,HWMI,2.662359855
2527,HWML,2.386160422
2528,HWMM,2.448145811
2529,HWMN,3.589917383
2530,HWMP,3.293563204
2531,HWMS,4.317869878
2532,HWMW,0.69216156
2533,HWME,1.584962501
2534,MWMA,2.21801929
2535,MWMC,2.238159737
2536,MWMD,2.057947349
2537,MWME,2.42170123
2538,MWMF,2.098302074
2539,MWMG,2.098989095
2540,MWMI,3.716413354
2541,MWML,3.657258894
2542,MWMM,3.200868709
2543,MWMN,4.071770558
2544,MWMP,4.40225566
2545,MWMS,2.938599455
2546,MWMW,1.708245121
2547,WWMA,0.715200385
2548,WWMC,0.974313356
2549,WWMD,0.918863237
2550,WWME,1.245810227
2551,WWMF,1.137503524
2552,WWMG,1.108524457
2553,WWMI,3.445687712
2554,WWMK,3.448900951
2555,WWML,2.434530115
2556,WWMM,2.994590563
2557,WWMN,4.317939686
2558,WWMP,3.020598961
2559,WWMS,3.392317423
2560,WWMV,4.399273908
2561,WWMW,0.469582549
2562,HWMA,0.851332619
2563,HWMC,1.131571194
2564,HWMD,0.992366675
2565,HWME,1.513132638
2566,HWMF,1.051838932
2567,HWMG,1.137503524
2568,HWMI,2.662359855
2569,HWML,2.386160422
2570,HWMM,2.448145811
2571,HWMN,3.589917383
2572,HWMP,3.293563204
2573,HWMS,4.317869878
2574,HWMW,0.69216156
2575,HWME,1.584962501
2576,MWMA,2.21801929
2577,MWMC,2.238159737
2578,MWMD,2.057947349
2579,MWME,2.42170123
2580,MWMF,2.098302074
2581,MWMG,2.098989095
2582,MWMI,3.716413354
2583,MWML,3.657258894
2584,MWMM,3.200868709
2585,MWMN,4.071770558
2586,MWMP,4.40225566
2587,MWMS,2.938599455
2588,MWMW,1.708245121
2589,WWMA,0.715200385
2590,WWMC,0.974313356
2591,WWMD,0.918863237
2592,WWME,1.245810227
2593,WWMF,1.137503524
2594,WWMG,1.108524457
2595,WWMI,3.445687712
2596,WWMK,3.448900951
2597,WWML,2.434530115
2598,WWMM,2.994590563
2599,WWMN,4.317939686
2600,WWMP,3.020598961
2601,WWMS,3.392317423
2602,WWMV,4.399273908
2603,WWMW,0.469582549
2604,HWMA,0.851332619
2605,HWMC,1.131571194
2606,HWMD,0.992366675
2607,HWME,1.513132638
2608,HWMF,1.051838932
2609,HWMG,1.137503524
2610,HWMI,2.662359855
2611,HWML,2.386160422
2612,HWMM,2.448145811
2613,HWMN,3.589917383
2614,HWMP,3.293563204
2615,HWMS,4.317869878
2616,HWMW,0.69216156
2617,HWME,1.584962501
2618,MWMA,2.21801929
2619,MWMC,2.238159737
2620,MWMD,2.057947349
2621,MWME,2.42170123
2622,MWMF,2.098302074
2623,MWMG,2.098989095
2624,MWMI,3.716413354
2625,MWML,3.657258894
2626,MWMM,3.200868709
2627,MWMN,4.071770558
2628,MWMP,4.40225566
2629,MWMS,2.938599455
2630,MWMW,1.708245121
2631,WWMA,0.715200385
2632,WWMC,0.974313356
2633,WWMD,0.918863237
2634,WWME,1.245810227
2635,WWMF,1.137503524
2636,WWMG,1.108524457
2637,WWMI,3.445687712
2638,WWMK,3.448900951
2639,WWML,2.434530115
2640,WWMM,2.994590563
2641,WWMN,4.317939686
2642,WWMP,3.020598961
2643,WWMS,3.392317423
2644,WWMV,4.399273908
2645,WWMW,0.469582549
2646,HWMA,0.851332619
2647,HWMC,1.131571194
2648,HWMD,0.992366675
2649,HWME,1.513132638
2650,HWMF,1.051838932
2651,HWMG,1.137503524
2652,HWMI,2.662359855
2653,HWML,2.386160422
2654,HWMM,2.448145811
2655,HWMN,3.589917383
2656,HWMP,3.293563204
2657,HWMS,4.317869878
2658,HWMW,0.69216156
2659,HWME,1.584962501
2660,MWMA,2.21801929
2661,MWMC,2.238159737
2662,MWMD,2.057947349
2663,MWME,2.42170123
2664,MWMF,2.098302074
2665,MWMG,2.098989095
2666,MWMI,3.716413354
2667,MWML,3.657258894
2668,MWMM,3.200868709
2669,MWMN,4.071770558
2670,MWMP,4.40225566
2671,MWMS,2.938599455
2672,MWMW,1.708245121
2673,WWMA,0.715200385
2674,WWMC,0.974313356
2675,WWMD,0.918863237
2676,WWME,1.245810227
2677,WWMF,1.137503524
2678,WWMG,1.108524457
2679,WWMI,3.445687712
2680,WWMK,3.448900951
2681,WWML,2.434530115
2682,WWMM,2.994590563
2683,WWMN,4.317939686
2684,WWMP,3.020598961
2685,WWMS,3.392317423
2686,WWMV,4.399273908
2687,WWMW,0.469582549
2688,HWMA,0.851332619
2689,HWMC,1.131571194
2690,HWMD,0.992366675
2691,HWME,1.513132638
2692,HWMF,1.051838932
2693,HWMG,1.137503524
2694,HWMI,2.662359855
2695,HWML,2.386160422
2696,HWMM,2.448145811
2697,HWMN,3.589917383
2698,HWMP,3.293563204
2699,HWMS,4.317869878
2700,HWMW,0.69216156
2701,HWME,1.584962501
2702,MWMA,2.21801929
2703,MWMC,2.238159737
2704,MWMD,2.057947349
2705,MWME,2.42170123
2706,MWMF,2.098302074
2707,MWMG,2.098989095
2708,MWMI,3.716413354
2709,MWML,3.657258894
2710,MWMM,3.200868709
2711,MWMN,4.071770558
2712,MWMP,4.40225566
2713,MWMS,2.938599455
2714,MWMW,1.708245121
2715,WWMA,0.715200385
2716,WWMC,0.974313356
2717,WWMD,0.918863237
2718,WWME,1.245810227
2719,WWMF,1.137503524
2720,WWMG,1.108524457
2721,WWMI,3.445687712
2722,WWMK,3.448900951
2723,WWML,2.434530115
2724,WWMM,2.994590563
2725,WWMN,4.317939686
2726,WWMP,3.020598961
2727,WWMS,3.392317423
2728,WWMV,4.399273908
2729,WWMW,0.469582549
2730,HWMA,0.851332619
2731,HWMC,1.131571194
2732,HWMD,0.992366675
2733,HWME,1.513132638
2734,HWMF,1.051838932
2735,HWMG,1.137503524
2736,HWMI,2.662359855
2737,HWML,2.386160422
2738,HWMM,2.448145811
2739,HWMN,3.589917383
2740,HWMP,3.293563204
2741,HWMS,4.317869878
2742,HWMW,0.69216156
2743,HWME,1.584962501
2744,MWMA,2.21801929
2745,MWMC,2.238159737
2746,MWMD,2.057947349
2747,MWME,2.42170123
2748,MWMF,2.098302074
2749,MWMG,2.098989095
2750,MWMI,3.716413354
2751,MWML,3.657258894
2752,MWMM,3.200868709
2753,MWMN,4.071770558
2754,MWMP,4.40225566
2755,MWMS,2.938599455
2756,MWMW,1.708245121
2757,WWMA,0.715200385
2758,WWMC,0.974313356
2759,WWMD,0.918863237
2760,WWME,1.245810227
2761,WWMF,1.137503524
2762,WWMG,1.108524457
2763,WWMI,3.445687712
2764,WWMK,3.448900951
2765,WWML,2.434530115
2766,WWMM,2.994590563
2767,WWMN,4.317939686
2768,WWMP,3.020598961
2769,WWMS,3.392317423
2770,WWMV,4.399273908
2771,WWMW,0.469582549
2772,HWMA,0.851332619
2773,HWMC,1.131571194
2774,HWMD,0.992366675
2775,HWME,1.513132638
2776,HWMF,1.051838932
2777,HWMG,1.137503524
2778,HWMI,2.662359855
2779,HWML,2.386160422
2780,HWMM,2.448145811
2781,HWMN,3.589917383
2782,HWMP,3.293563204
2783,HWMS,4.317869878
2784,HWMW,0.69216156
2785,HWME,1.584962501
2786,MWMA,2.21801929
2787,MWMC,2.238159737
2788,MWMD,2.057947349
2789,MWME,2.42170123
2790,MWMF,2.098302074
2791,MWMG,2.098989095
2792,MWMI,3.716413354
2793,MWML,3.657258894
2794,MWMM,3.200868709
2795,MWMN,4.071770558
2796,MWMP,4.40225566
2797,MWMS,2.938599455
2798,MWMW,1.708245121
2799,WWMA,0.715200385
2800,WWMC,0.974313356
2801,WWMD,0.918863237
2802,WWME,1.245810227
2803,WWMF,1.137503524
2804,WWMG,1.108524457
2805,WWMI,3.445687712
2806,WWMK,3.448900951
2807,WWML,2.434530115
2808,WWMM,2.994590563
2809,WWMN,4.317939686
2810,WWMP,3.020598961
2811,WWMS,3.392317423
2812,WWMV,4.399273908
2813,WWMW,0.469582549
2814,HWMA,0.851332619
2815,HWMC,1.131571194
2816,HWMD,0.992366675
2817,HWME,1.513132638
2818,HWMF,1.051838932
2819,HWMG,1.137503524
2820,HWMI,2.662359855
2821,HWML,2.386160422
2822,HWMM,2.448145811
2823,HWMN,3.589917383
2824,HWMP,3.293563204
2825,HWMS,4.317869878
2826,HWMW,0.69216156
2827,HWME,1.584962501
2828,MWMA,2.21801929
2829,MWMC,2.238159737
2830,MWMD,2.057947349
2831,MWME,2.42170123
2832,MWMF,2.098302074
2833,MWMG,2.098989095
2834,MWMI,3.716413354
2835,MWML,3.657258894
2836,MWMM,3.200868709
2837,MWMN,4.071770558
2838,MWMP,4.40225566
2839,MWMS,2.938599455
2840,MWMW,1.708245121
2841,WWMA,0.715200385
2842,WWMC,0.974313356
2843,WWMD,0.918863237
2844,WWME,1.245810227
2845,WWMF,1.137503524
2846,WWMG,1.108524457
2847,WWMI,3.445687712
2848,WWMK,3.448900951
2849,WWML,2.434530115
2850,WWMM,2.994590563
2851,WWMN,4.317939686
2852,WWMP,3.020598961
2853,WWMS,3.392317423
2854,WWMV,4.399273908
2855,WWMW,0.469582549
2856,HWMA,0.851332619
2857,HWMC,1.131571194
2858,HWMD,0.992366675
2859,HWME,1.513132638
2860,HWMF,1.051838932
2861,HWMG,1.137503524
2862,HWMI,2.662359855
2863,HWML,2.386160422
2864,HWMM,2.448145811
2865,HWMN,3.589917383
2866,HWMP,3.293563204
2867,HWMS,4.317869878
2868,HWMW,0.69216156
2869,HWME,1.584962501
2870,MWMA,2.21801929
2871,MWMC,2.238159737
2872,MWMD,2.057947349
2873,MWME,2.42170123
2874,MWMF,2.098302074
2875,MWMG,2.098989095
2876,MWMI,3.716413354
2877,MWML,3.657258894
2878,MWMM,3.200868709
2879,MWMN,4.071770558
2880,MWMP,4.40225566
2881,MWMS,2.938599455
2882,MWMW,1.708245121
2883,WWMA,0.715200385
2884,WWMC,0.974313356
2885,WWMD,0.918863237
2886,WWME,1.245810227
2887,WWMF,1.137503524
2888,WWMG,1.108524457
2889,WWMI,3.445687712
2890,WWMK,3.448900951
2891,WWML,2.434530115
2892,WWMM,2.994590563
2893,WWMN,4.317939686
2894,WWMP,3.020598961
2895,WWMS,3.392317423
2896,WWMV,4.399273908
2897,WWMW,0.469582549
2898,HWMA,0.851332619
2899,HWMC,1.131571194
2900,HWMD,0.992366675
2901,HWME,1.513132638
2902,HWMF,1.051838932
2903,HWMG,1.137503524
2904,HWMI,2.662359855
2905,HWML,2.386160422
2906,HWMM,2.448145811
2907,HWMN,3.589917383
2908,HWMP,3.293563204
2909,HWMS,4.317869878
2910,HWMW,0.69216156
2911,HWME,1.584962501
2912,MWMA,2.21801929
2913,MWMC,2.238159737
2914,MWMD,2.057947349
2915,MWME,2.42170123
2916,MWMF,2.098302074
2917,MWMG,2.098989095
2918,MWMI,3.716413354
2919,MWML,3.657258894
2920,MWMM,3.200868709
2921,MWMN,4.071770558
2922,MWMP,4.40225566
2923,MWMS,2.938599455
2924,MWMW,1.708245121
2925,WWMA,0.715200385
2926,WWMC,0.974313356
2927,WWMD,0.918863237
2928,WWME,1.245810227
2929,WWMF,1.137503524
2930,WWMG,1.108524457
2931,WWMI,3.445687712
2932,WWMK,3.448900951
2933,WWML,2.434530115
2934,WWMM,2.994590563
2935,WWMN,4.317939686
2936,WWMP,3.020598961
2937,WWMS,3.392317423
2938,WWMV,4.399273908
2939,WWMW,0.469582549
2940,HWMA,0.851332619
2941,HWMC,1.131571194
2942,HWMD,0.992366675
2943,HWME,1.513132638
2944,HWMF,1.051838932
2945,HWMG,1.137503524
2946,HWMI,2.662359855
2947,HWML,2.386160422
2948,HWMM,2.448145811
2949,HWMN,3.589917383
2950,HWMP,3.293563204
2951,HWMS,4.317869878
2952,HWMW,0.69216156
2953,HWME,1.584962501
2954,MWMA,2.21801929
2955,MWMC,2.238159737
2956,MWMD,2.057947349
2957,MWME,2.42170123
2958,MWMF,2.098302074
2959,MWMG,2.098989095
2960,MWMI,3.716413354
2961,MWML,3.657258894
2962,MWMM,3.200868709
2963,MWMN,4.071770558
2964,MWMP,4.40225566
2965,MWMS,2.938599455
2966,MWMW,1.708245121
2967,WWMA,0.715200385
2968,WWMC,0.974313356
2969,WWMD,0.918863237
2970,WWME,1.245810227
2971,WWMF,1.137503524
2972,WWMG,1.108524457
2973,WWMI,3.445687712
2974,WWMK,3.448900951
2975,WWML,2.434530115
2976,WWMM,2.994590563
2977,WWMN,4.317939686
2978,WWMP,3.020598961
2979,WWMS,3.392317423
2980,WWMV,4.399273908
2981,WWMW,0.469582549
2982,HWMA,0.851332619
2983,HWMC,1.131571194
2984,HWMD,0.992366675
2985,HWME,1.513132638
2986,HWMF,1.051838932
2987,HWMG,1.137503524
2988,HWMI,2.662359855
2989,HWML,2.386160422
2990,HWMM,2.448145811
2991,HWMN,3.589917383
2992,HWMP,3.293563204
2993,HWMS,4.317869878
2994,HWMW,0.69216156
2995,HWME,1.584962501
2996,MWMA,2.21801929
2997,MWMC,2.238159737
2998,MWMD,2.057947349
2999,MWME,2.42170123
3000,MWMF,2.098302074
3001,MWMG,2.098989095
3002,MWMI,3.716413354
3003,MWML,3.657258894
3004,MWMM,3.200868709
3005,MWMN,4.071770558
3006,MWMP,4.40225566
3007,MWMS,2.938599455
3008,MWMW,1.708245121
3009,WWMA,0.715200385
3010,WWMC,0.974313356
3011,WWMD,0.918863237
3012,WWME,1.245810227
3013,WWMF,1.137503524
3014,WWMG,1.108524457
3015,WWMI,3.445687712
3016,WWMK,3.448900951
3017,WWML,2.434530115
3018,WWMM,2.994590563
3019,WWMN,4.317939686
3020,WWMP,3.020598961
3021,WWMS,3.392317423
3022,WWMV,4.399273908
3023,WWMW,0.469582549
3024,HWMA,0.851332619
3025,HWMC,1.131571194
3026,HWMD,0.992366675
3027,HWME,1.513132638
3028,HWMF,1.051838932
3029,HWMG,1.137503524
3030,HWMI,2.662359855
3031,HWML,2.386160422
3032,HWMM,2.448145811
3033,HWMN,3.589917383
3034,HWMP,3.293563204
3035,HWMS,4.317869878
3036,HWMW,0.69216156
3037,HWME,1.584962501
3038,MWMA,2.21801929
3039,MWMC,2.238159737
3040,MWMD,2.057947349
3041,MWME,2.42170123
3042,MWMF,2.098302074
3043,MWMG,2.098989095
3044,MWMI,3.716413354
3045,MWML,3.657258894
3046,MWMM,3.200868709
3047,MWMN,4.071770558
3048,MWMP,4.40225566
3049,MWMS,2.938599455
3050,MWMW,1.708245121
3051,WWMA,0.715200385
3052,WWMC,0.974313356
3053,WWMD,0.918863237
3054,WWME,1.245810227
3055,WWMF,1.137503524
3056,WWMG,1.108524457
3057,WWMI,3.445687712
3058,WWMK,3.448900951
3059,WWML,2.434530115
3060,WWMM,2.994590563
3061,WWMN,4.317939686
3062,WWMP,3.020598961
3063,WWMS,3.392317423
3064,WWMV,4.399273908
3065,WWMW,0.469582549
3066,HWMA,0.851332619
3067,HWMC,1.131571194
3068,HWMD,0.992366675
3069,HWME,1.513132638
3070,HWMF,1.051838932
3071,HWMG,1.137503524
3072,HWMI,2.662359855
3073,HWML,2.386160422
3074,HWMM,2.448145811
3075,HWMN,3.589917383
3076,HWMP,3.293563204
3077,HWMS,4.317869878
3078,HWMW,0.69216156
3079,HWME,1.584962501
3080,MWMA,2.21801929
3081,MWMC,2.238159737
3082,MWMD,2.057947349
3083,MWME,2.42170123
3084,MWMF,2.098302074
3085,MWMG,2.098989095
3086,MWMI,3.716413354
3087,MWML,3.657258894
3088,MWMM,3.200868709
3089,MWMN,4.071770558
3090,MWMP,4.40225566
3091,MWMS,2.938599455
3092,MWMW,1.708245121
3093,WWMA,0.715200385
3094,WWMC,0.974313356
3095,WWMD,0.918863237
3096,WWME,1.245810227
3097,WWMF,1.137503524
3098,WWMG,1.108524457
3099,WWMI,3.445687712
3100,WWMK,3.448900951
3101,WWML,2.434530115
3102,WWMM,2.994590563
3103,WWMN,4.317939686
3104,WWMP,3.020598961
3105,WWMS,3.392317423
3106,WWMV,4.399273908
3107,WWMW,0.469582549
3108,HWMA,0.851332619
3109,HWMC,1.131571194
3110,HWMD,0.992366675
3111,HWME,1.513132638
3112,HWMF,1.051838932
3113,HWMG,1.137503524
3114,HWMI,2.662359855
3115,HWML,2.386160422
3116,HWMM,2.448145811
3117,HWMN,3.589917383
3118,HWMP,3.293563204
3119,HWMS,4.317869878
3120,HWMW,0.69216156
3121,HWME,1.584962501
3122,MWMA,2.21801929
3123,MWMC,2.238159737
3124,MWMD,2.057947349
3125,MWME,2.42170123
3126,MWMF,2.098302074
3127,MWMG,2.098989095
3128,MWMI,3.716413354
3129,MWML,3.657258894
3130,MWMM,3.200868709
3131,MWMN,4.071770558
3132,MWMP,4.40225566
3133,MWMS,2.938599455
3134,MWMW,1.708245121
3135,WWMA,0.715200385
3136,WWMC,0.974313356
3137,WWMD,0.918863237
3138,WWME,1.245810227
3139,WWMF,1.137503524
3140,WWMG,1.108524457
3141,WWMI,3.445687712
3142,WWMK,3.448900951
3143,WWML,2.434530115
3144,WWMM,2.994590563
3145,WWMN,4.317939686
3146,WWMP,3.020598961
3147,WWMS,3.392317423
3148,WWMV,4.399273908
3149,WWMW,0.469582549
3150,HWMA,0.851332619
3151,HWMC,1.131571194
3152,HWMD,0.992366675
3153,HWME,1.513132638
3154,HWMF,1.051838932
3155,HWMG,1.137503524
3156,HWMI,2.662359855
3157,HWML,2.386160422
3158,HWMM,2.448145811
3159,HWMN,3.589917383
3160,HWMP,3.293563204
3161,HWMS,4.317869878
3162,HWMW,0.69216156
3163,HWME,1.584962501
3164,MWMA,2.21801929
3165,MWMC,2.238159737
3166,MWMD,2.057947349
3167,MWME,2.42170123
3168,MWMF,2.098302074
3169,MWMG,2.098989095
3170,MWMI,3.716413354
3171,MWML,3.657258894
3172,MWMM,3.200868709
3173,MWMN,4.071770558
3174,MWMP,4.40225566
3175,MWMS,2.938599455
3176,MWMW,1.708245121
3177,WWMA,0.715200385
3178,WWMC,0.974313356
3179,WWMD,0.918863237
3180,WWME,1.245810227
3181,WWMF,1.137503524
3182,WWMG,1.108524457
3183,WWMI,3.445687712
3184,WWMK,3.448900951
3185,WWML,2.434530115
3186,WWMM,2.994590563
3187,WWMN,4.317939686
3188,WWMP,3.020598961
3189,WWMS,3.392317423
3190,WWMV,4.399273908
3191,WWMW,0.469582549
3192,HWMA,0.851332619
3193,HWMC,1.131571194
3194,HWMD,0.992366675
3195,HWME,1.513132638
3196,HWMF,1.051838932
3197,HWMG,1.137503524
3198,HWMI,2.662359855
3199,HWML,2.386160422
3200,HWMM,2.448145811
3201,HWMN,3.589917383
3202,HWMP,3.293563204
3203,HWMS,4.317869878
3204,HWMW,0.69216156
3205,HWME,1.584962501
3206,MWMA,2.21801929
3207,MWMC,2.238159737
3208,MWMD,2.057947349
3209,MWME,2.42170123
3210,MWMF,2.098302074
3211,MWMG,2.098989095
3212,MWMI,3.716413354
3213,MWML,3.657258894
3214,MWMM,3.200868709
3215,MWMN,4.071770558
3216,MWMP,4.40225566
3217,MWMS,2.938599455
3218,MWMW,1.708245121
3219,WWMA,0.715200385
3220,WWMC,0.974313356
3221,WWMD,0.918863237
3222,WWME,1.245810227
3223,WWMF,1.137503524
3224,WWMG,1.108524457
3225,WWMI,3.445687712
3226,WWMK,3.448900951
3227,WWML,2.434530115
3228,WWMM,2.994590563
3229,WWMN,4.317939686
3230,WWMP,3.020598961
3231,WWMS,3.392317423
3232,WWMV,4.399273908
3233,WWMW,0.469582549
3234,HWMA,0.851332619
3235,HWMC,1.131571194
3236,HWMD,0.992366675
3237,HWME,1.513132638
3238,HWMF,1.051838932
3239,HWMG,1.137503524
3240,HWMI,2.662359855
3241,HWML,2.386160422
3242,HWMM,2.448145811
3243,HWMN,3.589917383
3244,HWMP,3.293563204
3245,HWMS,4.317869878
3246,HWMW,0.69216156
3247,HWME,1.584962501
3248,MWMA,2.21801929
3249,MWMC,2.238159737
3250,MWMD,2.057947349
3251,MWME,2.42170123
3252,MWMF,2.098302074
3253,MWMG,2.098989095
3254,MWMI,3.716413354
3255,MWML,3.657258894
3256,MWMM,3.200868709
3257,MWMN,4.071770558
3258,MWMP,4.40225566
3259,MWMS,2.938599455
3260,MWMW,1.708245121
3261,WWMA,0.715200385
3262,WWMC,0.974313356
3263,WWMD,0.918863237
3264,WWME,1.245810227
3265,WWMF,1.137503524
3266,WWMG,1.108524457
3267,WWMI,3.445687712
3268,WWMK,3.448900951
3269,WWML,2.434530115
3270,WWMM,2.994590563
3271,WWMN,4.317939686
3272,WWMP,3.020598961
3273,WWMS,3.392317423
3274,WWMV,4.399273908
3275,WWMW,0.469582549
3276,HWMA,0.851332619
3277,HWMC,1.131571194
3278,HWMD,0.992366675
3279,HWME,1.513132638
3280,HWMF,1.051838932
3281,HWMG,1.137503524
3282,HWMI,2.662359855
3283,HWML,2.386160422
3284,HWMM,2.448145811
3285,HWMN,3.589917383
3286,HWMP,3.293563204
3287,HWMS,4.317869878
3288,HWMW,0.69216156
3289,HWME,1.584962501
3290,MWMA,2.21801929
3291,MWMC,2.238159737
3292,MWMD,2.057947349
3293,MWME,2.42170123
3294,MWMF,2.098302074
3295,MWMG,2.098989095
3296,MWMI,3.716413354
3297,MWML,3.657258894
3298,MWMM,3.200868709
3299,MWMN,4.071770558
3300,MWMP,4.40225566
3301,MWMS,2.938599455
3302,MWMW,1.708245121
3303,WWMA,0.715200385
3304,WWMC,0.974313356
3305,WWMD,0.918863237
3306,WWME,1.245810227
3307,WWMF,1.137503524
3308,WWMG,1.108524457
3309,WWMI,3.445687712
3310,WWMK,3.448900951
3311,WWML,2.434530115
3312,WWMM,2.994590563
3313,WWMN,4.317939686
3314,WWMP,3.020598961
3315,WWMS,3.392317423
3316,WWMV,4.399273908
3317,WWMW,0.469582549
3318,HWMA,0.851332619
3319,HWMC,1.131571194
3320,HWMD,0.992366675
3321,HWME,1.513132638
3322,HWMF,1.051838932
3323,HWMG,1.137503524
3324,HWMI,2.662359855
3325,HWML,2.386160422
3326,HWMM,2.448145811
3327,HWMN,3.589917383
3328,HWMP,3.293563204
3329,HWMS,4.317869878
3330,HWMW,0.69216156
3331,HWME,1.584962501
3332,MWMA,2.21801929
3333,MWMC,2.238159737
3334,MWMD,2.057947349
3335,MWME,2.42170123
3336,MWMF,2.098302074
3337,MWMG,2.098989095
3338,MWMI,3.716413354
3339,MWML,3.657258894
3340,MWMM,3.200868709
3341,MWMN,4.071770558
3342,MWMP,4.40225566
3343,MWMS,2.938599455
3344,MWMW,1.708245121
3345,WWMA,0.715200385
3346,WWMC,0.974313356
3347,WWMD,0.918863237
3348,WWME,1.245810227
3349,WWMF,1.137503524
3350,WWMG,1.108524457
3351,WWMI,3.445687712
3352,WWMK,3.448900951
3353,WWML,2.434530115
3354,WWMM,2.994590563
3355,WWMN,4.317939686
3356,WWMP,3.020598961
3357,WWMS,3.392317423
3358,WWMV,4.399273908
3359,WWMW,0.469582549
3360,HWMA,0.851332619
3361,HWMC,1.131571194
3362,HWMD,0.992366675
3363,HWME,1.513132638
3364,HWMF,1.051838932
3365,HWMG,1.137503524
3366,HWMI,2.662359855
3367,HWML,2.386160422
3368,HWMM,2.448145811
3369,HWMN,3.589917383
3370,HWMP,3.293563204
3371,HWMS,4.317869878
3372,HWMW,0.69216156
3373,HWME,1.584962501
3374,MWMA,2.21801929
3375,MWMC,2.238159737
3376,MWMD,2.057947349
3377,MWME,2.42170123
3378,MWMF,2.098302074
3379,MWMG,2.098989095
3380,MWMI,3.716413354
3381,MWML,3.657258894
3382,MWMM,3.200868709
3383,MWMN,4.071770558
3384,MWMP,4.40225566
3385,MWMS,2.938599455
3386,MWMW,1.708245121
3387,WWMA,0.715200385
3388,WWMC,0.974313356
3389,WWMD,0.918863237
3390,WWME,1.245810227
3391,WWMF,1.137503524
3392,WWMG,1.108524457
3393,WWMI,3.445687712
3394,WWMK,3.448900951
3395,WWML,2.434530115
3396,WWMM,2.994590563
3397,WWMN,4.317939686
3398,WWMP,3.020598961
3399,WWMS,3.392317423
3400,WWMV,4.399273908
3401,WWMW,0.469582549
3402,HWMA,0.851332619
3403,HWMC,1.131571194
3404,HWMD,0.992366675
3405,HWME,1.513132638
3406,HWMF,1.051838932
3407,HWMG,1.137503524
3408,HWMI,2.662359855
3409,HWML,2.386160422
3410,HWMM,2.448145811
3411,HWMN,3.589917383
3412,HWMP,3.293563204
3413,HWMS,4.317869878
3414,HWMW,0.69216156
3415,HWME,1.584962501
3416,MWMA,2.21801929
3417,MWMC,2.238159737
3418,MWMD,2.057947349
3419,MWME,2.42170123
3420,MWMF,2.098302074
3421,MWMG,2.098989095
3422,MWMI,3.716413354
3423,MWML,3.657258894
3424,MWMM,3.200868709
3425,MWMN,4.071770558
3426,MWMP,4.40225566
3427,MWMS,2.938599455
3428,MWMW,1.708245121
3429,WWMA,0.715200385
3430,WWMC,0.974313356
3431,WWMD,0.918863237
3432,WWME,1.245810227
3433,WWMF,1.137503524
3434,WWMG,1.108524457
3435,WWMI,3.445687712
3436,WWMK,3.448900951
3437,WWML,2.434530115
3438,WWMM,2.994590563
3439,WWMN,4.317939686
3440,WWMP,3.020598961
3441,WWMS,3.392317423
3442,WWMV,4.399273908
3443,WWMW,0.469582549
3444,HWMA,0.851332619
3445,HWMC,1.131571194
3446,HWMD,0.992366675
3447,HWME,1.513132638
3448,HWMF,1.051838932
3449,HWMG,1.137503524
3450,HWMI,2.662359855
3451,HWML,2.386160422
3452,HWMM,2.448145811
3453,HWMN,3.589917383
3454,HWMP,3.293563204
3455,HWMS,4.317869878
3456,HWMW,0.69216156
3457,HWME,1.584962501
3458,MWMA,2.21801929
3459,MWMC,2.238159737
3460,MWMD,2.057947349
3461,MWME,2.42170123
3462,MWMF,2.098302074
3463,MWMG,2.098989095
3464,MWMI,3.716413354
3465,MWML,3.657258894
3466,MWMM,3.200868709
3467,MWMN,4.071770558
3468,MWMP,4.40225566
3469,MWMS,2.938599455
3470,MWMW,1.708245121
3471,WWMA,0.715200385
3472,WWMC,0.974313356
3473,WWMD,0.918863237
3474,WWME,1.245810227
3475,WWMF,1.137503524
3476,WWMG,1.108524457
3477,WWMI,3.445687712
3478,WWMK,3.448900951
3479,WWML,2.434530115
3480,WWMM,2.994590563
3481,WWMN,4.317939686
3482,WWMP,3.020598961
3483,WWMS,3.392317423
3484,WWMV,4.399273908
3485,WWMW,0.469582549
3486,HWMA,0.851332619
3487,HWMC,1.131571194
3488,HWMD,0.992366675
3489,HWME,1.513132638
3490,HWMF,1.051838932
3491,HWMG,1.137503524
3492,HWMI,2.662359855
3493,HWML,2.386160422
3494,HWMM,2.448145811
3495,HWMN,3.589917383
3496,HWMP,3.293563204
3497,HWMS,4.317869878
3498,HWMW,0.69216156
3499,HWME,1.584962501
3500,MWMA,2.21801929
3501,MWMC,2.238159737
3502,MWMD,2.057947349
3503,MWME,2.42170123
3504,MWMF,2.098302074
3505,MWMG,2.098989095
3506,MWMI,3.716413354
3507,MWML,3.657258894
3508,MWMM,3.200868709
3509,MWMN,4.071770558
3510,MWMP,4.40225566
3511,MWMS,2.938599455
3512,MWMW,1.708245121
3513,WWMA,0.715200385
3514,WWMC,0.974313356
3515,WWMD,0.918863237
3516,WWME,1.245810227
3517,WWMF,1.137503524
3518,WWMG,1.108524457
3519,WWMI,3.445687712
3520,WWMK,3.448900951
3521,WWML,2.434530115
3522,WWMM,2.994590563
3523,WWMN,4.317939686
3524,WWMP,3.020598961
3525,WWMS,3.392317423
3526,WWMV,4.399273908
3527,WWMW,0.469582549
3528,HWMA,0.851332619
3529,HWMC,1.131571194
3530,HWMD,0.992366675
3531,HWME,1.513132638
3532,HWMF,1.051838932
3533,HWMG,1.137503524
3534,HWMI,2.662359855
3535,HWML,2.386160422
3536,HWMM,2.448145811
3537,HWMN,3.589917383
3538,HWMP,3.293563204
3539,HWMS,4.317869878
3540,HWMW,0.69216156
3541,HWME,1.584962501
3542,MWMA,2.21801929
3543,MWMC,2.238159737
3544,MWMD,2.057947349
3545,MWME,2.42170123
3546,MWMF,2.098302074
3547,MWMG,2.098989095
3548,MWMI,3.716413354
3549,MWML,3.657258894
3550,MWMM,3.200868709
3551,MWMN,4.071770558
3552,MWMP,4.40225566
3553,MWMS,2.938599455
3554,MWMW,1.708245121
3555,WWMA,0.715200385
3556,WWMC,0.974313356
3557,WWMD,0.918863237
3558,WWME,1.245810227
3559,WWMF,1.137503524
3560,WWMG,1.108524457
3561,WWMI,3.445687712
3562,WWMK,3.448900951
3563,WWML,2.434530115
3564,WWMM,2.994590563
3565,WWMN,4.317939686
3566,WWMP,3.020598961
3567,WWMS,3.392317423
3568,WWMV,4.399273908
3569,WWMW,0.469582549
3570,HWMA,0.851332619
3571,HWMC,1.131571194
3572,HWMD,0.992366675
3573,HWME,1.513132638
3574,HWMF,1.051838932
3575,HWMG,1.137503524
3576,HWMI,2.662359855
3577,HWML,2.386160422
3578,HWMM,2.448145811
3579,HWMN,3.589917383
3580,HWMP,3.293563204
3581,HWMS,4.317869878
3582,HWMW,0.69216156
3583,HWME,1.584962501
3584,MWMA,2.21801929
3585,MWMC,2.238159737
3586,MWMD,2.057947349
3587,MWME,2.42170123
3588,MWMF,2.098302074
3589,MWMG,2.098989095
3590,MWMI,3.716413354
3591,MWML,3.657258894
3592,MWMM,3.200868709
3593,MWMN,4.071770558
3594,MWMP,4.40225566
3595,MWMS,2.938599455
3596,MWMW,1.708245121
3597,WWMA,0.715200385
3598,WWMC,0.974313356
3599,WWMD,0.918863237
3600,WWME,1.245810227
3601,WWMF,1.137503524
3602,WWMG,1.108524457
3603,WWMI,3.445687712
3604,WWMK,3.448900951
3605,WWML,2.434530115
3606,WWMM,2.994590563
3607,WWMN,4.317939686
3608,WWMP,3.020598961
3609,WWMS,3.392317423
3610,WWMV,4.399273908
3611,WWMW,0.469582549
3612,HWMA,0.851332619
3613,HWMC,1.131571194
3614,HWMD,0.992366675
3615,HWME,1.513132638
3616,HWMF,1.051838932
3617,HWMG,1.137503524
3618,HWMI,2.662359855
3619,HWML,2.386160422
3620,HWMM,2.448145811
3621,HWMN,3.589917383
3622,HWMP,3.293563204
3623,HWMS,4.317869878
3624,HWMW,0.69216156
3625,HWME,1.584962501
3626,MWMA,2.21801929
3627,MWMC,2.238159737
3628,MWMD,2.057947349
3629,MWME,2.42170123
3630,MWMF,2.098302074
3631,MWMG,2.098989095
3632,MWMI,3.716413354
3633,MWML,3.657258894
3634,MWMM,3.200868709
3635,MWMN,4.071770558
3636,MWMP,4.40225566
3637,MWMS,2.938599455
3638,MWMW,1.708245121
3639,WWMA,0.715200385
3640,WWMC,0.974313356
3641,WWMD,0.918863237
3642,WWME,1.245810227
3643,WWMF,1.137503524
3644,WWMG,1.108524457
3645,WWMI,3.445687712
3646,WWMK,3.448900951
3647,WWML,2.434530115
3648,WWMM,2.994590563
3649,WWMN,4.317939686
3650,WWMP,3.020598961
3651,WWMS,3.392317423
3652,WWMV,4.399273908
3653,WWMW,0.469582549
3654,HWMA,0.851332619
3655,HWMC,1.131571194
3656,HWMD,0.992366675
3657,HWME,1.513132638
3658,HWMF,1.051838932
3659,HWMG,1.137503524
3660,HWMI,2.662359855
3661,HWML,2.386160422
3662,HWMM,2.448145811
3663,HWMN,3.589917383
3664,HWMP,3.293563204
3665,HWMS,4.317869878
3666,HWMW,0.69216156
3667,HWME,1.584962501
3668,MWMA,2.21801929
3669,MWMC,2.238159737
3670,MWMD,2.057947349
3671,MWME,2.42170123
3672,MWMF,2.098302074
3673,MWMG,2.098989095
3674,MWMI,3.716413354
3675,MWML,3.657258894
3676,MWMM,3.200868709
3677,MWMN,4.071770558
3678,MWMP,4.40225566
3679,MWMS,2.938599455
3680,MWMW,1.708245121
3681,WWMA,0.715200385
3682,WWMC,0.974313356
3683,WWMD,0.918863237
3684,WWME,1.245810227
3685,WWMF,1.137503524
3686,WWMG,1.108524457
3687,WWMI,3.445687712
3688,WWMK,3.448900951
3689,WWML,2.434530115
3690,WWMM,2.994590563
3691,WWMN,4.317939686
3692,WWMP,3.020598961
3693,WWMS,3.392317423
3694,WWMV,4.399273908
3695,WWMW,0.469582549
3696,HWMA,0.851332619
3697,HWMC,1.131571194
3698,HWMD,0.992366675
3699,HWME,1.513132638
3700,HWMF,1.051838932
3701,HWMG,1.137503524
3702,HWMI,2.662359855
3703,HWML,2.386160422
3704,HWMM,2.448145811
3705,HWMN,3.589917383
3706,HWMP,3.293563204
3707,HWMS,4.317869878
3708,HWMW,0.69216156
3709,HWME,1.584962501
3710,MWMA,2.21801929
3711,MWMC,2.238159737
3712,MWMD,2.057947349
3713,MWME,2.42170123
3714,MWMF,2.098302074
3715,MWMG,2.098989095
3716,MWMI,3.716413354
3717,MWML,3.657258894
3718,MWMM,3.200868709
3719,MWMN,4.071770558
3720,MWMP,4.40225566
3721,MWMS,2.938599455
3722,MWMW,1.708245121
3723,WWMA,0.715200385
3724,WWMC,0.974313356
3725,WWMD,0.918863237
3726,WWME,1.245810227
3727,WWMF,1.137503524
3728,WWMG,1.108524457
3729,WWMI,3.445687712
3730,WWMK,3.448900951
3731,WWML,2.434530115
3732,WWMM,2.994590563
3733,WWMN,4.317939686
3734,WWMP,3.020598961
3735,WWMS,3.392317423
3736,WWMV,4.399273908
3737,WWMW,0.469582549
3738,HWMA,0.851332619
3739,HWMC,1.131571194
3740,HWMD,0.992366675
3741,HWME,1.513132638
3742,HWMF,1.051838932
3743,HWMG,1.137503524
3744,HWMI,2.662359855
3745,HWML,2.386160422
3746,HWMM,2.448145811
3747,HWMN,3.589917383
3748,HWMP,3.293563204
3749,HWMS,4.317869878
3750,HWMW,0.69216156
3751,HWME,1.584962501
3752,MWMA,2.21801929
3753,MWMC,2.238159737
3754,MWMD,2.057947349
3755,MWME,2.42170123
3756,MWMF,2.098302074
3757,MWMG,2.098989095
3758,MWMI,3.716413354
3759,MWML,3.657258894
3760,MWMM,3.200868709
3761,MWMN,4.071770558
3762,MWMP,4.40225566
3763,MWMS,2.938599455
3764,MWMW,1.708245121
3765,WWMA,0.715200385
3766,WWMC,0.974313356
3767,WWMD,0.918863237
3768,WWME,1.245810227
3769,WWMF,1.137503524
3770,WWMG,1.108524457
3771,WWMI,3.445687712
3772,WWMK,3.448900951
3773,WWML,2.434530115
3774,WWMM,2.994590563
3775,WWMN,4.317939686
3776,WWMP,3.020598961
3777,WWMS,3.392317423
3778,WWMV,4.399273908
3779,WWMW,0.469582549
3780,HWMA,0.851332619
3781,HWMC,1.131571194
3782,HWMD,0.992366675
3783,HWME,1.513132638
3784,HWMF,1.051838932
3785,HWMG,1.137503524
3786,HWMI,2.662359855
3787,HWML,2.386160422
3788,HWMM,2.448145811
3789,HWMN,3.589917383
3790,HWMP,3.293563204
3791,HWMS,4.317869878
3792,HWMW,0.69216156
3793,HWME,1.584962501
3794,MWMA,2.21801929
3795,MWMC,2.238159737
3796,MWMD,2.057947349
3797,MWME,2.42170123
3798,MWMF,2.098302074
3799,MWMG,2.098989095
3800,MWMI,3.716413354
3801,MWML,3.657258894
3802,MWMM,3.200868709
3803,MWMN,4.071770558
3804,MWMP,4.40225566
3805,MWMS,2.938599455
3806,MWMW,1.708245121
3807,WWMA,0.715200385
3808,WWMC,0.974313356
3809,WWMD,0.918863237
3810,WWME,1.245810227
3811,WWMF,1.137503524
3812,WWMG,1.108524457
3813,WWMI,3.445687712
3814,WWMK,3.448900951
3815,WWML,2.434530115
3816,WWMM,2.994590563
3817,WWMN,4.317939686
3818,WWMP,3.020598961
3819,WWMS,3.392317423
3820,WWMV,4.399273908
3821,WWMW,0.469582549
3822,HWMA,0.851332619
3823,HWMC,1.131571194
3824,HWMD,0.992366675
3825,HWME,1.513132638
3826,HWMF,1.051838932
3827,HWMG,1.137503524
3828,HWMI,2.662359855
3829,HWML,2.386160422
3830,HWMM,2.448145811
3831,HWMN,3.589917383
3832,HWMP,3.293563204
3833,HWMS,4.317869878
3834,HWMW,0.69216156
3835,HWME,1.584962501
3836,MWMA,2.21801929
3837,MWMC,2.238159737
3838,MWMD,2.057947349
3839,MWME,2.42170123
3840,MWMF,2.098302074
3841,MWMG,2.098989095
3842,MWMI,3.716413354
3843,MWML,3.657258894
3844,MWMM,3.200868709
3845,MWMN,4.071770558
3846,MWMP,4.40225566
3847,MWMS,2.938599455
3848,MWMW,1.708245121
3849,WWMA,0.715200385
3850,WWMC,0.974313356
3851,WWMD,0.918863237
3852,WWME,1.245810227
3853,WWMF,1.137503524
3854,WWMG,1.108524457
3855,WWMI,3.445687712
3856,WWMK,3.448900951
3857,WWML,2.434530115
3858,WWMM,2.994590563
3859,WWMN,4.317939686
3860,WWMP,3.020598961
3861,WWMS,3.392317423
3862,WWMV,4.399273908
3863,WWMW,0.469582549
3864,HWMA,0.851332619
3865,HWMC,1.131571194
3866,HWMD,0.992366675
3867,HWME,1.513132638
3868,HWMF,1.051838932
3869,HWMG,1.137503524
3870,HWMI,2.662359855
3871,HWML,2.386160422
3872,HWMM,2.448145811
3873,HWMN,3.589917383
3874,HWMP,3.293563204
3875,HWMS,4.317869878
3876,HWMW,0.69216156
3877,HWME,1.584962501
3878,MWMA,2.21801929
3879,MWMC,2.238159737
3880,MWMD,2.057947349
3881,MWME,2.42170123
3882,MWMF,2.098302074
3883,MWMG,2.098989095
3884,MWMI,3.716413354
3885,MWML,3.657258894
3886,MWMM,3.200868709
3887,MWMN,4.071770558
3888,MWMP,4.40225566
3889,MWMS,2.938599455
3890,MWMW,1.708245121
3891,WWMA,0.715200385
3892,WWMC,0.974313356
3893,WWMD,0.918863237
3894,WWME,1.245810227
3895,WWMF,1.137503524
3896,WWMG,1.108524457
3897,WWMI,3.445687712
3898,WWMK,3.448900951
3899,WWML,2.434530115
3900,WWMM,2.994590563
3901,WWMN,4.317939686
3902,WWMP,3.020598961
3903,WWMS,3.392317423
3904,WWMV,4.399273908
3905,WWMW,0.469582549
3906,HWMA,0.851332619
3907,HWMC,1.131571194
3908,HWMD,0.992366675
3909,HWME,1.513132638
3910,HWMF,1.051838932
3911,HWMG,1.137503524
3912,HWMI,2.662359855
3913,HWML,2.386160422
3914,HWMM,2.448145811
3915,HWMN,3.589917383
3916,HWMP,3.293563204
3917,HWMS,4.317869878
3918,HWMW,0.69216156
3919,HWME,1.584962501
3920,MWMA,2.21801929
3921,MWMC,2.238159737
3922,MWMD,2.057947349
3923,MWME,2.42170123
3924,MWMF,2.098302074
3925,MWMG,2.098989095
3926,MWMI,3.716413354
3927,MWML,3.657258894
3928,MWMM,3.200868709
3929,MWMN,4.071770558
3930,MWMP,4.40225566
3931,MWMS,2.938599455
3932,MWMW,1.708245121
3933,WWMA,0.715200385
3934,WWMC,0.974313356
3935,WWMD,0.918863237
3936,WWME,1.245810227
3937,WWMF,1.137503524
3938,WWMG,1.108524457
3939,WWMI,3.445687712
3940,WWMK,3.448900951
3941,WWML,2.434530115
3942,WWMM,2.994590563
3943,WWMN,4.317939686
3944,WWMP,3.020598961
3945,WWMS,3.392317423
3946,WWMV,4.399273908
3947,WWMW,0.469582549
3948,HWMA,0.851332619
3949,HWMC,1.131571194
3950,HWMD,0.992366675
3951,HWME,1.513132638
3952,HWMF,1.051838932
3953,HWMG,1.137503524
3954,HWMI,2.662359855
3955,HWML,2.386160422
3956,HWMM,2.448145811
3957,HWMN,3.589917383
3958,HWMP,3.293563204
3959,HWMS,4.317869878
3960,HWMW,0.69216156
3961,HWME,1.584962501
3962,MWMA,2.21801929
3963,MWMC,2.238159737
3964,MWMD,2.057947349
3965,MWME,2.42170123
3966,MWMF,2.098302074
3967,MWMG,2.098989095
3968,MWMI,3.716413354
3969,MWML,3.657258894
3970,MWMM,3.200868709
3971,MWMN,4.071770558
3972,MWMP,4.40225566
3973,MWMS,2.938599455
3974,MWMW,1.708245121
3975,WWMA,0.715200385
3976,WWMC,0.974313356
3977,WWMD,0.918863237
3978,WWME,1.245810227
3979,WWMF,1.137503524
3980,WWMG,1.108524457
3981,WWMI,3.445687712
3982,WWMK,3.448900951
3983,WWML,2.434530115
3984,WWMM,2.994590563
3985,WWMN,4.317939686
3986,WWMP,3.020598961
3987,WWMS,3.392317423
3988,WWMV,4.399273908
3989,WWMW,0.469582549
3990,HWMA,0.851332619
3991,HWMC,1.131571194
3992,HWMD,0.992366675
3993,HWME,1.513132638
3994,HWMF,1.051838932
3995,HWMG,1.137503524
3996,HWMI,2.662359855
3997,HWML,2.386160422
3998,HWMM,2.448145811
3999,HWMN,3.589917383
4000,HWMP,3.293563204
4001,HWMS,4.317869878
4002,HWMW,0.69216156
4003,HWME,1.584962501
4004,MWMA,2.21801929
4005,MWMC,2.238159737
4006,MWMD,2.057947349
4007,MWME,2.42170123
4008,MWMF,2.098302074
4009,MWMG,2.098989095
4010,MWMI,3.716413354
4011,MWML,3.657258894
4012,MWMM,3.200868709
4013,MWMN,4.071770558
4014,MWMP,4.40225566
4015,MWMS,2.938599455
4016,MWMW,1.708245121
4017,WWMA,0.715200385
4018,WWMC,0.974313356
4019,WWMD,0.918863237
4020,WWME,1.245810227
4021,WWMF,1.137503524
4022,WWMG,1.108524457
4023,WWMI,3.445687712
4024,WWMK,3.448900951
4025,WWML,2.434530115
4026,WWMM,2.994590563
4027,WWMN,4.317939686
4028,WWMP,3.020598961
4029,WWMS,3.392317423
4030,WWMV,4.399273908
4031,WWMW,0.469582549
4032,HWMA,0.851332619
4033,HWMC,1.131571194
4034,HWMD,0.992366675
4035,HWME,1.513132638
4036,HWMF,1.051838932
4037,HWMG,1.137503524
4038,HWMI,2.662359855
4039,HWML,2.386160422
4040,HWMM,2.448145811
4041,HWMN,3.589917383
4042,HWMP,3.293563204
4043,HWMS,4.317869878
4044,HWMW,0.69216156
4045,HWME,1.584962501
4046,MWMA,2.21801929
4047,MWMC,2.238159737
4048,MWMD,2.057947349
4049,MWME,2.42170123
4050,MWMF,2.098302074
4051,MWMG,2.098989095
4052,MWMI,3.716413354
4053,MWML,3.657258894
4054,MWMM,3.200868709
4055,MWMN,4.071770558
4056,MWMP,4.40225566
4057,MWMS,2.938599455
4058,MWMW,1.708245121
4059,WWMA,0.715200385
4060,WWMC,0.974313356
4061,WWMD,0.918863237
4062,WWME,1.245810227
4063,WWMF,1.137503524
4064,WWMG,1.108524457
4065,WWMI,3.445687712
4066,WWMK,3.448900951
4067,WWML,2.434530115
4068,WWMM,2.994590563
4069,WWMN,4.317939686
4070,WWMP,3.020598961
4071,WWMS,3.392317423
4072,WWMV,4.399273908
4073,WWMW,0.469582549
4074,HWMA,0.851332619
4075,HWMC,1.131571194
4076,HWMD,0.992366675
4077,HWME,1.513132638
4078,HWMF,1.051838932
4079,HWMG,1.137503524
4080,HWMI,2.662359855
4081,HWML,2.386160422
4082,HWMM,2.448145811
4083,HWMN,3.589917383
4084,HWMP,3.293563204
4085,HWMS,4.317869878
4086,HWMW,0.69216156
4087,HWME,1.584962501
4088,MWMA,2.21801929
4089,MWMC,2.238159737
4090,MWMD,2.057947349
4091,MWME,2.42170123
4092,MWMF,2.098302074
4093,MWMG,2.098989095
4094,MWMI,3.716413354
4095,MWML,3.657258894
4096,MWMM,3.200868709
4097,MWMN,4.071770558
4098,MWMP,4.40225566
4099,MWMS,2.938599455
4100,MWMW,1.708245121
4101,WWMA,0.715200385
4102,WWMC,0.974313356
4103,WWMD,0.918863237
4104,WWME,1.245810227
4105,WWMF,1.137503524
4106,WWMG,1.108524457
4107,WWMI,3.445687712
4108,WWMK,3.448900951
4109,WWML,2.434530115
4110,WWMM,2.994590563
4111,WWMN,4.317939686
4112,WWMP,3.020598961
4113,WWMS,3.392317423
4114,WWMV,4.399273908
4115,WWMW,0.469582549
4116,HWMA,0.851332619
4117,HWMC,1.131571194
4118,HWMD,0.992366675
4119,HWME,1.513132638
4120,HWMF,1.051838932
4121,HWMG,1.137503524
4122,HWMI,2.662359855
4123,HWML,2.386160422
4124,HWMM,2.448145811
4125,HWMN,3.589917383
4126,HWMP,3.293563204
4127,HWMS,4.317869878
4128,HWMW,0.69216156
4129,HWME,1.584962501
4130,MWMA,2.21801929
4131,MWMC,2.238159737
4132,MWMD,2.057947349
4133,MWME,2.42170123
4134,MWMF,2.098302074
4135,MWMG,2.098989095
4136,MWMI,3.716413354
4137,MWML,3.657258894
4138,MWMM,3.200868709
4139,MWMN,4.071770558
4140,MWMP,4.40225566
4141,MWMS,2.938599455
4142,MWMW,1.708245121
4143,WWMA,0.715200385
4144,WWMC,0.974313356
4145,WWMD,0.918863237
4146,WWME,1.245810227
4147,WWMF,1.137503524
4148,WWMG,1.108524457
4149,WWMI,3.445687712
4150,WWMK,3.448900951
4151,WWML,2.434530115
4152,WWMM,2.994590563
4153,WWMN,4.317939686
4154,WWMP,3.020598961
4155,WWMS,3.392317423
4156,WWMV,4.399273908
4157,WWMW,0.469582549
4158,HWMA,0.851332619
4159,HWMC,1.131571194
4160,HWMD,0.992366675
4161,HWME,1.513132638
4162,HWMF,1.051838932
4163,HWMG,1.137503524
4164,HWMI,2.662359855
4165,HWML,2.386160422
4166,HWMM,2.448145811
4167,HWMN,3.589917383
4168,HWMP,3.293563204
4169,HWMS,4.317869878
4170,HWMW,0.69216156
4171,HWME,1.584962501
4172,MWMA,2.21801929
4173,MWMC,2.238159737
4174,MWMD,2.057947349
4175,MWME,2.42170123
4176,MWMF,2.098302074
4177,MWMG,2.098989095
4178,MWMI,3.716413354
4179,MWML,3.657258894
4180,MWMM,3.200868709
4181,MWMN,4.071770558
4182,MWMP,4.40225566
4183,MWMS,2.938599455
4184,MWMW,1.708245121
4185,WWMA,0.715200385
4186,WWMC,0.974313356
4187,WWMD,0.918863237
4188,WWME,1.245810227
4189,WWMF,1.137503524
4190,WWMG,1.108524457
4191,WWMI,3.445687712
4192,WWMK,3.448900951
4193,WWML,2.434530115
4194,WWMM,2.994590563
4195,WWMN,4.317939686
4196,WWMP,3.020598961
4197,WWMS,3.392317423
4198,WWMV,4.399273908
4199,WWMW,0.469582549
